Issue_Type_ID,Issue_Category,Priority_Level,Issue_Subcategory_Corrected
2135,Technical,Medium,Website Error
4501,Technical,Medium,Slow Performance
3062,Technical,Medium,Hardware Issue
803,Technical,Medium,Hardware Issue
4479,Technical,Medium,Slow Performance
4142,Technical,Medium,Slow Performance
589,Technical,Medium,Slow Performance
3102,Technical,Medium,Website Error
6010,Technical,Medium,Hardware Issue
1021,Technical,Medium,Slow Performance
4961,Technical,Medium,Hardware Issue
2894,Technical,Medium,Hardware Issue
2086,Technical,Medium,Slow Performance
6649,Technical,Medium,Hardware Issue
5610,Technical,Medium,Hardware Issue
6704,Technical,Medium,Slow Performance
5655,Technical,Medium,Slow Performance
5835,Technical,Medium,Slow Performance
5505,Technical,Medium,Website Error
3750,Technical,Medium,Slow Performance
5784,Technical,Medium,Slow Performance
2230,Technical,Medium,Hardware Issue
2281,Technical,Medium,Slow Performance
837,Technical,Medium,Slow Performance
4762,Technical,Medium,Slow Performance
3692,Technical,Medium,Slow Performance
3071,Technical,Medium,Slow Performance
2235,Technical,Medium,Slow Performance
714,Technical,Medium,Slow Performance
6259,Technical,Medium,Slow Performance
1694,Technical,Medium,Website Error
491,Technical,Medium,Slow Performance
2218,Technical,Medium,Website Error
66,Technical,Medium,Hardware Issue
6044,Technical,Medium,Slow Performance
5742,Technical,Medium,Hardware Issue
893,Technical,Medium,Slow Performance
2782,Technical,Medium,Hardware Issue
603,Technical,Medium,Slow Performance
1239,Technical,Medium,Website Error
6871,Technical,Medium,Slow Performance
4732,Technical,Medium,Hardware Issue
4674,Technical,Medium,Hardware Issue
1967,Technical,Medium,Website Error
936,Technical,Medium,Slow Performance
3755,Technical,Medium,Slow Performance
5190,Technical,Medium,Slow Performance
1292,Technical,Medium,Hardware Issue
5541,Technical,Medium,Slow Performance
1076,Technical,Medium,Website Error
50,Technical,Medium,Slow Performance
3489,Technical,Medium,Slow Performance
5708,Technical,Medium,Website Error
6605,Technical,Medium,Slow Performance
5854,Technical,Medium,Slow Performance
2626,Technical,Medium,Website Error
5377,Technical,Medium,Slow Performance
3337,Technical,Medium,Slow Performance
4802,Technical,Medium,Website Error
3006,Technical,Medium,Website Error
907,Technical,Medium,Slow Performance
4270,Technical,Medium,Hardware Issue
3747,Technical,Medium,Hardware Issue
5810,Technical,Medium,Slow Performance
5349,Technical,Medium,Website Error
83,Technical,Medium,Hardware Issue
2515,Technical,Medium,Website Error
4373,Technical,Medium,Slow Performance
2712,Technical,Medium,Website Error
5811,Technical,Medium,Website Error
4106,Technical,Medium,Website Error
5784,Technical,Medium,Slow Performance
5902,Technical,Medium,Website Error
5213,Technical,Medium,Slow Performance
1401,Technical,Medium,Slow Performance
3642,Technical,Medium,Slow Performance
3911,Technical,Medium,Website Error
3523,Technical,Medium,Hardware Issue
3207,Technical,Medium,Hardware Issue
333,Technical,Medium,Website Error
5905,Technical,Medium,Slow Performance
2363,Technical,Medium,Hardware Issue
1773,Technical,Medium,Slow Performance
4906,Technical,Medium,Website Error
3027,Technical,Medium,Website Error
1611,Technical,Medium,Website Error
429,Technical,Medium,Slow Performance
4838,Technical,Medium,Slow Performance
6960,Technical,Medium,Website Error
5845,Technical,Medium,Slow Performance
5990,Technical,Medium,Slow Performance
6569,Technical,Medium,Slow Performance
6177,Technical,Medium,Hardware Issue
387,Technical,Medium,Hardware Issue
4550,Technical,Medium,Slow Performance
3714,Technical,Medium,Website Error
5182,Technical,Medium,Hardware Issue
6684,Technical,Medium,Website Error
4518,Technical,Medium,Slow Performance
2549,Technical,Medium,Website Error
3204,Technical,Medium,Website Error
4089,Technical,Medium,Slow Performance
5418,Technical,Medium,Slow Performance
3440,Technical,Medium,Website Error
5154,Technical,Medium,Hardware Issue
4778,Technical,Medium,Website Error
5147,Technical,Medium,Website Error
1605,Technical,Medium,Slow Performance
4525,Technical,Medium,Slow Performance
1578,Technical,Medium,Hardware Issue
1361,Technical,Medium,Slow Performance
6379,Technical,Medium,Website Error
621,Technical,Medium,Website Error
1480,Technical,Medium,Website Error
2528,Technical,Medium,Slow Performance
1191,Technical,Medium,Slow Performance
3297,Technical,Medium,Slow Performance
1623,Technical,Medium,Slow Performance
4626,Technical,Medium,Slow Performance
1352,Technical,Medium,Website Error
1077,Technical,Medium,Website Error
5215,Technical,Medium,Slow Performance
3129,Technical,Medium,Website Error
2943,Technical,Medium,Hardware Issue
5011,Technical,Medium,Slow Performance
402,Technical,Medium,Slow Performance
19,Technical,Medium,Website Error
5591,Technical,Medium,Slow Performance
2216,Technical,Medium,Hardware Issue
245,Technical,Medium,Slow Performance
3624,Technical,Medium,Slow Performance
1151,Technical,Medium,Website Error
3194,Technical,Medium,Hardware Issue
1023,Technical,Medium,Website Error
4158,Technical,Medium,Slow Performance
234,Technical,Medium,Hardware Issue
3865,Technical,Medium,Website Error
294,Technical,Medium,Slow Performance
896,Technical,Medium,Website Error
2227,Technical,Medium,Website Error
3584,Technical,Medium,Slow Performance
6947,Technical,Medium,Slow Performance
5637,Technical,Medium,Hardware Issue
5778,Technical,Medium,Website Error
428,Technical,Medium,Hardware Issue
2361,Technical,Medium,Website Error
6977,Technical,Medium,Slow Performance
2811,Technical,Medium,Slow Performance
1658,Technical,Medium,Slow Performance
1489,Technical,Medium,Website Error
4658,Technical,Medium,Hardware Issue
1934,Technical,Medium,Website Error
2211,Technical,Medium,Slow Performance
603,Technical,Medium,Slow Performance
1904,Technical,Medium,Slow Performance
4583,Technical,Medium,Slow Performance
2965,Technical,Medium,Slow Performance
3371,Technical,Medium,Website Error
314,Technical,Medium,Hardware Issue
1195,Technical,Medium,Website Error
3893,Technical,Medium,Website Error
2135,Technical,Medium,Slow Performance
2094,Technical,Medium,Slow Performance
4981,Technical,Medium,Slow Performance
5137,Technical,Medium,Hardware Issue
5540,Technical,Medium,Slow Performance
4459,Technical,Medium,Slow Performance
1462,Technical,Medium,Website Error
619,Technical,Medium,Slow Performance
3942,Technical,Medium,Slow Performance
3040,Technical,Medium,Slow Performance
2995,Technical,Medium,Slow Performance
6444,Technical,Medium,Slow Performance
5297,Technical,Medium,Slow Performance
659,Technical,Medium,Slow Performance
678,Technical,Medium,Hardware Issue
5495,Technical,Medium,Hardware Issue
1861,Technical,Medium,Slow Performance
5284,Technical,Medium,Hardware Issue
1935,Technical,Medium,Slow Performance
2055,Technical,Medium,Hardware Issue
2731,Technical,Medium,Slow Performance
6035,Technical,Medium,Website Error
6051,Technical,Medium,Slow Performance
2270,Technical,Medium,Website Error
6650,Technical,Medium,Hardware Issue
1286,Technical,Medium,Slow Performance
4239,Technical,Medium,Hardware Issue
1229,Technical,Medium,Slow Performance
3005,Technical,Medium,Slow Performance
4560,Technical,Medium,Hardware Issue
2371,Technical,Medium,Slow Performance
115,Technical,Medium,Slow Performance
4134,Technical,Medium,Slow Performance
4512,Technical,Medium,Slow Performance
4900,Technical,Medium,Hardware Issue
1769,Technical,Medium,Slow Performance
1626,Technical,Medium,Hardware Issue
90,Technical,Medium,Slow Performance
5818,Technical,Medium,Website Error
437,Technical,Medium,Slow Performance
234,Technical,Medium,Slow Performance
5619,Technical,Medium,Slow Performance
6474,Technical,Medium,Slow Performance
2739,Technical,Medium,Website Error
1749,Technical,Medium,Slow Performance
5122,Technical,Medium,Hardware Issue
4431,Technical,Medium,Slow Performance
6948,Technical,Medium,Hardware Issue
815,Technical,Medium,Slow Performance
5507,Technical,Medium,Website Error
17,Technical,Medium,Website Error
4286,Technical,Medium,Slow Performance
4204,Technical,Medium,Slow Performance
3742,Technical,Medium,Hardware Issue
470,Technical,Medium,Slow Performance
424,Technical,Medium,Slow Performance
2255,Technical,Medium,Slow Performance
5346,Technical,Medium,Slow Performance
3737,Technical,Medium,Slow Performance
415,Technical,Medium,Slow Performance
2347,Technical,Medium,Hardware Issue
2950,Technical,Medium,Slow Performance
368,Technical,Medium,Website Error
1158,Technical,Medium,Hardware Issue
3557,Technical,Medium,Slow Performance
257,Technical,Medium,Slow Performance
2933,Technical,Medium,Slow Performance
1078,Technical,Medium,Slow Performance
980,Technical,Medium,Slow Performance
2662,Technical,Medium,Slow Performance
2758,Technical,Medium,Hardware Issue
1202,Technical,Medium,Slow Performance
4754,Technical,Medium,Hardware Issue
5666,Technical,Medium,Website Error
3414,Technical,Medium,Slow Performance
3350,Technical,Medium,Hardware Issue
659,Technical,Medium,Slow Performance
5881,Technical,Medium,Website Error
4425,Technical,Medium,Slow Performance
3500,Technical,Medium,Slow Performance
5727,Technical,Medium,Website Error
443,Technical,Medium,Website Error
4410,Technical,Medium,Hardware Issue
3470,Technical,Medium,Website Error
6072,Technical,Medium,Website Error
1702,Technical,Medium,Hardware Issue
298,Technical,Medium,Slow Performance
3327,Technical,Medium,Hardware Issue
2177,Technical,Medium,Slow Performance
734,Technical,Medium,Slow Performance
1340,Technical,Medium,Slow Performance
6760,Technical,Medium,Website Error
2884,Technical,Medium,Website Error
5685,Technical,Medium,Website Error
3964,Technical,Medium,Slow Performance
6576,Technical,Medium,Website Error
2067,Technical,Medium,Website Error
214,Technical,Medium,Slow Performance
2506,Technical,Medium,Website Error
5784,Technical,Medium,Website Error
6522,Technical,Medium,Slow Performance
2186,Technical,Medium,Hardware Issue
541,Technical,Medium,Slow Performance
792,Technical,Medium,Slow Performance
6072,Technical,Medium,Website Error
2439,Technical,Medium,Slow Performance
321,Technical,Medium,Slow Performance
769,Technical,Medium,Website Error
4920,Technical,Medium,Slow Performance
5719,Technical,Medium,Slow Performance
2859,Technical,Medium,Website Error
2775,Technical,Medium,Hardware Issue
6124,Technical,Medium,Slow Performance
3484,Technical,Medium,Slow Performance
230,Technical,Medium,Slow Performance
4334,Technical,Medium,Hardware Issue
3516,Technical,Medium,Slow Performance
5017,Technical,Medium,Slow Performance
3929,Technical,Medium,Slow Performance
4678,Technical,Medium,Slow Performance
3946,Technical,Medium,Hardware Issue
1871,Technical,Medium,Slow Performance
2847,Technical,Medium,Website Error
2857,Technical,Medium,Slow Performance
3764,Technical,Medium,Slow Performance
1800,Technical,Medium,Website Error
1084,Technical,Medium,Website Error
2226,Technical,Medium,Hardware Issue
5613,Technical,Medium,Website Error
3641,Technical,Medium,Hardware Issue
1374,Technical,Medium,Slow Performance
6256,Technical,Medium,Website Error
5991,Technical,Medium,Website Error
5571,Technical,Medium,Hardware Issue
4548,Technical,Medium,Website Error
5161,Technical,Medium,Website Error
4785,Technical,Medium,Slow Performance
2246,Technical,Medium,Hardware Issue
2081,Technical,Medium,Slow Performance
4760,Technical,Medium,Website Error
3884,Technical,Medium,Hardware Issue
3765,Technical,Medium,Website Error
5400,Technical,Medium,Slow Performance
1378,Technical,Medium,Website Error
1376,Technical,Medium,Slow Performance
1608,Technical,Medium,Hardware Issue
851,Technical,Medium,Slow Performance
6917,Technical,Medium,Slow Performance
4999,Technical,Medium,Hardware Issue
1973,Technical,Medium,Website Error
3900,Technical,Medium,Hardware Issue
5962,Technical,Medium,Slow Performance
6998,Technical,Medium,Slow Performance
3466,Technical,Medium,Hardware Issue
5301,Technical,Medium,Website Error
33,Technical,Medium,Website Error
6718,Technical,Medium,Hardware Issue
6757,Technical,Medium,Hardware Issue
3978,Technical,Medium,Website Error
1340,Technical,Medium,Slow Performance
6593,Technical,Medium,Slow Performance
1671,Technical,Medium,Hardware Issue
6644,Technical,Medium,Hardware Issue
2229,Technical,Medium,Hardware Issue
4077,Technical,Medium,Slow Performance
4874,Technical,Medium,Slow Performance
3197,Technical,Medium,Hardware Issue
1327,Technical,Medium,Website Error
2236,Technical,Medium,Website Error
3561,Technical,Medium,Website Error
216,Technical,Medium,Website Error
2672,Technical,Medium,Hardware Issue
5732,Technical,Medium,Slow Performance
2427,Technical,Medium,Slow Performance
4658,Technical,Medium,Slow Performance
2825,Technical,Medium,Slow Performance
3664,Technical,Medium,Hardware Issue
3239,Technical,Medium,Hardware Issue
4717,Technical,Medium,Slow Performance
4316,Technical,Medium,Website Error
1259,Technical,Medium,Slow Performance
3403,Technical,Medium,Slow Performance
3540,Technical,Medium,Slow Performance
3770,Technical,Medium,Hardware Issue
2654,Technical,Medium,Hardware Issue
1494,Technical,Medium,Slow Performance
5493,Technical,Medium,Website Error
4180,Technical,Medium,Website Error
2284,Technical,Medium,Website Error
695,Technical,Medium,Hardware Issue
2868,Technical,Medium,Hardware Issue
4646,Technical,Medium,Slow Performance
3583,Technical,Medium,Website Error
2012,Technical,Medium,Hardware Issue
4093,Technical,Medium,Website Error
503,Technical,Medium,Website Error
4986,Technical,Medium,Slow Performance
6484,Technical,Medium,Website Error
1359,Technical,Medium,Hardware Issue
948,Technical,Medium,Hardware Issue
5506,Technical,Medium,Website Error
4515,Technical,Medium,Hardware Issue
5687,Technical,Medium,Hardware Issue
4948,Technical,Medium,Hardware Issue
3607,Technical,Medium,Website Error
500,Technical,Medium,Website Error
94,Technical,Medium,Website Error
11,Technical,Medium,Slow Performance
4885,Technical,Medium,Website Error
499,Technical,Medium,Slow Performance
5542,Technical,Medium,Slow Performance
5723,Technical,Medium,Website Error
2256,Technical,Medium,Hardware Issue
3507,Technical,Medium,Slow Performance
4043,Technical,Medium,Website Error
1262,Technical,Medium,Website Error
5991,Technical,Medium,Slow Performance
1086,Technical,Medium,Website Error
448,Technical,Medium,Website Error
3469,Technical,Medium,Website Error
2389,Technical,Medium,Slow Performance
4933,Technical,Medium,Hardware Issue
3138,Technical,Medium,Slow Performance
1302,Technical,Medium,Hardware Issue
5842,Technical,Medium,Slow Performance
4690,Technical,Medium,Slow Performance
4564,Technical,Medium,Website Error
1789,Technical,Medium,Website Error
1523,Technical,Medium,Slow Performance
5624,Technical,Medium,Website Error
2442,Technical,Medium,Website Error
4688,Technical,Medium,Slow Performance
2781,Technical,Medium,Website Error
1523,Technical,Medium,Slow Performance
5964,Technical,Medium,Slow Performance
1615,Technical,Medium,Website Error
5104,Technical,Medium,Slow Performance
396,Technical,Medium,Website Error
5734,Technical,Medium,Slow Performance
5660,Technical,Medium,Slow Performance
1588,Technical,Medium,Website Error
3072,Technical,Medium,Website Error
3678,Technical,Medium,Hardware Issue
3770,Technical,Medium,Slow Performance
1452,Technical,Medium,Website Error
261,Technical,Medium,Slow Performance
6352,Technical,Medium,Slow Performance
2946,Technical,Medium,Slow Performance
5891,Technical,Medium,Website Error
430,Technical,Medium,Hardware Issue
83,Technical,Medium,Website Error
569,Technical,Medium,Slow Performance
3441,Technical,Medium,Slow Performance
6496,Technical,Medium,Website Error
523,Technical,Medium,Slow Performance
3912,Technical,Medium,Hardware Issue
2592,Technical,Medium,Slow Performance
3987,Technical,Medium,Website Error
4706,Technical,Medium,Slow Performance
5070,Technical,Medium,Slow Performance
6337,Technical,Medium,Website Error
4907,Technical,Medium,Slow Performance
5567,Technical,Medium,Website Error
5694,Technical,Medium,Slow Performance
4887,Technical,Medium,Slow Performance
756,Technical,Medium,Slow Performance
6967,Technical,Medium,Slow Performance
1107,Technical,Medium,Hardware Issue
1011,Technical,Medium,Slow Performance
5536,Technical,Medium,Slow Performance
6301,Technical,Medium,Website Error
1822,Bug,Medium,UI Glitch
3655,Bug,Medium,UI Glitch
1755,Bug,Medium,UI Glitch
3327,Bug,Medium,Data Sync Error
3787,Bug,Medium,UI Glitch
5071,Bug,Medium,UI Glitch
913,Bug,Medium,Data Sync Error
970,Bug,Medium,Data Sync Error
5777,Bug,Medium,Data Sync Error
1589,Bug,Medium,App Crash
2019,Bug,Medium,App Crash
4302,Bug,Medium,UI Glitch
4934,Bug,Medium,UI Glitch
173,Bug,Medium,App Crash
620,Bug,Medium,UI Glitch
3263,Bug,Medium,App Crash
442,Bug,Medium,UI Glitch
3678,Bug,Medium,Data Sync Error
4659,Bug,Medium,UI Glitch
6865,Bug,Medium,UI Glitch
1642,Bug,Medium,UI Glitch
5552,Bug,Medium,UI Glitch
6937,Bug,Medium,UI Glitch
652,Bug,Medium,UI Glitch
2867,Bug,Medium,App Crash
5771,Bug,Medium,Data Sync Error
6793,Bug,Medium,Data Sync Error
3928,Bug,Medium,App Crash
2327,Bug,Medium,UI Glitch
6386,Bug,Medium,UI Glitch
6995,Bug,Medium,UI Glitch
3782,Bug,Medium,UI Glitch
6624,Bug,Medium,App Crash
2027,Bug,Medium,Data Sync Error
6170,Bug,Medium,App Crash
5976,Bug,Medium,App Crash
4944,Bug,Medium,UI Glitch
722,Bug,Medium,UI Glitch
133,Bug,Medium,App Crash
180,Bug,Medium,UI Glitch
690,Bug,Medium,UI Glitch
3307,Bug,Medium,Data Sync Error
4496,Bug,Medium,UI Glitch
1450,Bug,Medium,App Crash
1111,Bug,Medium,UI Glitch
1813,Bug,Medium,UI Glitch
1985,Bug,Medium,UI Glitch
2240,Bug,Medium,UI Glitch
3344,Bug,Medium,Data Sync Error
5824,Bug,Medium,UI Glitch
2568,Bug,Medium,App Crash
3956,Bug,Medium,UI Glitch
1074,Bug,Medium,UI Glitch
770,Bug,Medium,App Crash
760,Bug,Medium,App Crash
6601,Bug,Medium,UI Glitch
2651,Bug,Medium,App Crash
3543,Bug,Medium,UI Glitch
2818,Bug,Medium,App Crash
1833,Bug,Medium,UI Glitch
6778,Bug,Medium,UI Glitch
6750,Bug,Medium,UI Glitch
6375,Bug,Medium,UI Glitch
3665,Bug,Medium,App Crash
1946,Bug,Medium,UI Glitch
3536,Bug,Medium,App Crash
5849,Bug,Medium,Data Sync Error
3453,Bug,Medium,App Crash
6312,Bug,Medium,UI Glitch
4774,Bug,Medium,Data Sync Error
2608,Bug,Medium,App Crash
548,Bug,Medium,UI Glitch
6054,Bug,Medium,UI Glitch
5929,Bug,Medium,App Crash
6152,Bug,Medium,Data Sync Error
236,Bug,Medium,Data Sync Error
983,Bug,Medium,Data Sync Error
1460,Bug,Medium,UI Glitch
6808,Bug,Medium,App Crash
5091,Bug,Medium,Data Sync Error
5784,Bug,Medium,App Crash
1776,Bug,Medium,UI Glitch
6816,Bug,Medium,UI Glitch
1830,Bug,Medium,UI Glitch
2255,Bug,Medium,UI Glitch
2961,Bug,Medium,App Crash
4709,Bug,Medium,UI Glitch
115,Bug,Medium,UI Glitch
6233,Bug,Medium,App Crash
6245,Bug,Medium,UI Glitch
5010,Bug,Medium,App Crash
2234,Bug,Medium,Data Sync Error
5613,Bug,Medium,App Crash
1826,Bug,Medium,UI Glitch
694,Bug,Medium,UI Glitch
2856,Bug,Medium,Data Sync Error
5708,Bug,Medium,Data Sync Error
5970,Bug,Medium,App Crash
33,Bug,Medium,UI Glitch
1039,Bug,Medium,Data Sync Error
3283,Bug,Medium,UI Glitch
960,Bug,Medium,UI Glitch
3540,Bug,Medium,UI Glitch
69,Bug,Medium,Data Sync Error
620,Bug,Medium,UI Glitch
3880,Bug,Medium,UI Glitch
3011,Bug,Medium,App Crash
3531,Bug,Medium,App Crash
3416,Bug,Medium,UI Glitch
3140,Bug,Medium,UI Glitch
6635,Bug,Medium,UI Glitch
5664,Bug,Medium,UI Glitch
1950,Bug,Medium,UI Glitch
3431,Bug,Medium,UI Glitch
5246,Bug,Medium,UI Glitch
2255,Bug,Medium,Data Sync Error
3846,Bug,Medium,Data Sync Error
2226,Bug,Medium,App Crash
3227,Bug,Medium,UI Glitch
1978,Bug,Medium,Data Sync Error
5245,Bug,Medium,UI Glitch
4637,Bug,Medium,App Crash
1213,Bug,Medium,App Crash
6269,Bug,Medium,UI Glitch
4455,Bug,Medium,UI Glitch
6988,Bug,Medium,UI Glitch
2382,Bug,Medium,App Crash
1775,Bug,Medium,UI Glitch
4548,Bug,Medium,UI Glitch
2788,Bug,Medium,UI Glitch
2473,Bug,Medium,UI Glitch
3246,Bug,Medium,App Crash
1540,Bug,Medium,UI Glitch
4359,Bug,Medium,UI Glitch
607,Bug,Medium,Data Sync Error
3864,Bug,Medium,App Crash
5769,Bug,Medium,UI Glitch
6574,Bug,Medium,UI Glitch
3714,Bug,Medium,UI Glitch
1008,Bug,Medium,UI Glitch
5808,Bug,Medium,UI Glitch
2015,Bug,Medium,UI Glitch
5000,Bug,Medium,Data Sync Error
2791,Bug,Medium,Data Sync Error
5352,Bug,Medium,UI Glitch
2014,Bug,Medium,UI Glitch
5754,Bug,Medium,App Crash
1220,Bug,Medium,Data Sync Error
3413,Bug,Medium,App Crash
1381,Bug,Medium,App Crash
5971,Bug,Medium,UI Glitch
1085,Bug,Medium,UI Glitch
6762,Bug,Medium,UI Glitch
762,Bug,Medium,App Crash
6710,Bug,Medium,App Crash
5697,Bug,Medium,UI Glitch
2390,Bug,Medium,UI Glitch
4088,Bug,Medium,App Crash
5841,Bug,Medium,UI Glitch
5243,Bug,Medium,App Crash
1340,Bug,Medium,UI Glitch
1894,Bug,Medium,Data Sync Error
2085,Bug,Medium,UI Glitch
469,Bug,Medium,Data Sync Error
5790,Bug,Medium,App Crash
3808,Bug,Medium,UI Glitch
486,Bug,Medium,Data Sync Error
4668,Bug,Medium,Data Sync Error
613,Bug,Medium,App Crash
6334,Bug,Medium,App Crash
5965,Bug,Medium,UI Glitch
587,Bug,Medium,UI Glitch
571,Bug,Medium,Data Sync Error
72,Bug,Medium,App Crash
1628,Bug,Medium,App Crash
5125,Bug,Medium,Data Sync Error
6887,Bug,Medium,UI Glitch
5775,Bug,Medium,UI Glitch
3720,Bug,Medium,UI Glitch
754,Bug,Medium,App Crash
4154,Bug,Medium,UI Glitch
6043,Bug,Medium,UI Glitch
3558,Bug,Medium,App Crash
633,Bug,Medium,App Crash
3653,Bug,Medium,UI Glitch
4044,Bug,Medium,UI Glitch
6322,Bug,Medium,UI Glitch
3191,Bug,Medium,Data Sync Error
1245,Bug,Medium,App Crash
424,Bug,Medium,App Crash
1493,Bug,Medium,App Crash
4075,Bug,Medium,UI Glitch
909,Bug,Medium,Data Sync Error
2309,Bug,Medium,UI Glitch
4176,Bug,Medium,Data Sync Error
6455,Bug,Medium,UI Glitch
1337,Bug,Medium,App Crash
6851,Bug,Medium,UI Glitch
6832,Bug,Medium,UI Glitch
6271,Bug,Medium,UI Glitch
6704,Bug,Medium,UI Glitch
4661,Bug,Medium,App Crash
4163,Bug,Medium,App Crash
616,Bug,Medium,App Crash
4183,Bug,Medium,App Crash
412,Bug,Medium,UI Glitch
763,Bug,Medium,UI Glitch
4197,Bug,Medium,Data Sync Error
6341,Bug,Medium,UI Glitch
1742,Bug,Medium,App Crash
5050,Bug,Medium,App Crash
3919,Bug,Medium,UI Glitch
4304,Bug,Medium,Data Sync Error
2470,Bug,Medium,App Crash
1502,Bug,Medium,UI Glitch
5303,Bug,Medium,Data Sync Error
5693,Bug,Medium,App Crash
5959,Bug,Medium,UI Glitch
3677,Bug,Medium,Data Sync Error
6602,Bug,Medium,Data Sync Error
6040,Bug,Medium,UI Glitch
107,Bug,Medium,UI Glitch
122,Bug,Medium,App Crash
4527,Bug,Medium,App Crash
754,Bug,Medium,UI Glitch
5161,Bug,Medium,UI Glitch
5508,Bug,Medium,Data Sync Error
655,Bug,Medium,App Crash
3355,Bug,Medium,UI Glitch
5302,Bug,Medium,App Crash
1868,Bug,Medium,UI Glitch
5197,Bug,Medium,UI Glitch
6566,Bug,Medium,Data Sync Error
841,Bug,Medium,UI Glitch
2336,Bug,Medium,UI Glitch
4744,Bug,Medium,App Crash
325,Bug,Medium,UI Glitch
5097,Bug,Medium,UI Glitch
2246,Bug,Medium,Data Sync Error
3289,Bug,Medium,UI Glitch
3001,Bug,Medium,UI Glitch
5029,Bug,Medium,Data Sync Error
4722,Bug,Medium,Data Sync Error
4964,Bug,Medium,App Crash
4689,Bug,Medium,App Crash
3075,Bug,Medium,App Crash
47,Bug,Medium,UI Glitch
2792,Bug,Medium,Data Sync Error
1712,Bug,Medium,App Crash
1122,Bug,Medium,UI Glitch
1513,Bug,Medium,App Crash
919,Bug,Medium,UI Glitch
5234,Bug,Medium,UI Glitch
5274,Bug,Medium,UI Glitch
5666,Bug,Medium,UI Glitch
989,Bug,Medium,App Crash
508,Bug,Medium,App Crash
2422,Bug,Medium,Data Sync Error
1733,Bug,Medium,Data Sync Error
2212,Bug,Medium,UI Glitch
6961,Bug,Medium,UI Glitch
5823,Bug,Medium,App Crash
6704,Bug,Medium,App Crash
536,Bug,Medium,UI Glitch
3347,Bug,Medium,UI Glitch
5724,Bug,Medium,UI Glitch
5124,Bug,Medium,Data Sync Error
4268,Bug,Medium,App Crash
2814,Bug,Medium,UI Glitch
5888,Bug,Medium,App Crash
517,Bug,Medium,UI Glitch
1022,Bug,Medium,App Crash
5398,Bug,Medium,App Crash
5860,Bug,Medium,Data Sync Error
5133,Bug,Medium,App Crash
4518,Bug,Medium,Data Sync Error
6305,Bug,Medium,UI Glitch
2400,Bug,Medium,App Crash
1211,Bug,Medium,UI Glitch
876,Bug,Medium,UI Glitch
6948,Bug,Medium,App Crash
3276,Bug,Medium,Data Sync Error
5333,Bug,Medium,App Crash
4481,Bug,Medium,Data Sync Error
1979,Bug,Medium,UI Glitch
4945,Bug,Medium,App Crash
6150,Bug,Medium,UI Glitch
2206,Bug,Medium,Data Sync Error
342,Bug,Medium,App Crash
356,Bug,Medium,Data Sync Error
2476,Bug,Medium,UI Glitch
1850,Bug,Medium,Data Sync Error
2625,Bug,Medium,UI Glitch
5024,Bug,Medium,UI Glitch
6775,Bug,Medium,UI Glitch
5299,Bug,Medium,UI Glitch
3096,Bug,Medium,UI Glitch
1070,Bug,Medium,UI Glitch
3463,Bug,Medium,App Crash
4424,Bug,Medium,UI Glitch
4937,Bug,Medium,App Crash
1038,Bug,Medium,App Crash
5908,Bug,Medium,UI Glitch
4226,Bug,Medium,UI Glitch
5158,Bug,Medium,UI Glitch
6790,Bug,Medium,UI Glitch
6218,Bug,Medium,Data Sync Error
4510,Bug,Medium,App Crash
246,Bug,Medium,Data Sync Error
107,Bug,Medium,Data Sync Error
5633,Bug,Medium,UI Glitch
5593,Bug,Medium,UI Glitch
966,Bug,Medium,App Crash
577,Bug,Medium,UI Glitch
3097,Bug,Medium,App Crash
2216,Bug,Medium,App Crash
6469,Bug,Medium,Data Sync Error
1276,Bug,Medium,UI Glitch
6387,Bug,Medium,App Crash
4150,Bug,Medium,UI Glitch
454,Bug,Medium,App Crash
1709,Bug,Medium,App Crash
1621,Bug,Medium,UI Glitch
1703,Bug,Medium,UI Glitch
5928,Bug,Medium,UI Glitch
544,Bug,Medium,UI Glitch
3868,Bug,Medium,UI Glitch
4545,Bug,Medium,UI Glitch
4975,Bug,Medium,App Crash
5186,Bug,Medium,UI Glitch
6361,Bug,Medium,UI Glitch
488,Bug,Medium,App Crash
5257,Bug,Medium,UI Glitch
6575,Bug,Medium,UI Glitch
6365,Bug,Medium,App Crash
4746,Bug,Medium,App Crash
158,Bug,Medium,UI Glitch
4564,Bug,Medium,UI Glitch
3004,Bug,Medium,Data Sync Error
5443,Bug,Medium,UI Glitch
3545,Bug,Medium,UI Glitch
5749,Bug,Medium,UI Glitch
1875,Bug,Medium,Data Sync Error
3953,Bug,Medium,UI Glitch
2172,Bug,Medium,UI Glitch
2124,Bug,Medium,UI Glitch
4615,Bug,Medium,App Crash
3745,Bug,Medium,UI Glitch
6339,Bug,Medium,UI Glitch
3003,Bug,Medium,App Crash
6128,Bug,Medium,Data Sync Error
5632,Bug,Medium,UI Glitch
6117,Bug,Medium,Data Sync Error
6640,Bug,Medium,Data Sync Error
5264,Bug,Medium,App Crash
2023,Bug,Medium,Data Sync Error
5071,Bug,Medium,App Crash
6046,Bug,Medium,Data Sync Error
3918,Bug,Medium,UI Glitch
3644,Bug,Medium,UI Glitch
1130,Bug,Medium,UI Glitch
3384,Bug,Medium,UI Glitch
4362,Bug,Medium,App Crash
700,Bug,Medium,App Crash
6000,Bug,Medium,UI Glitch
4284,Bug,Medium,App Crash
3590,Bug,Medium,App Crash
256,Bug,Medium,App Crash
3462,Bug,Medium,App Crash
6851,Bug,Medium,UI Glitch
572,Bug,Medium,UI Glitch
447,Bug,Medium,UI Glitch
4963,Bug,Medium,UI Glitch
6414,Bug,Medium,Data Sync Error
2697,Bug,Medium,UI Glitch
791,Bug,Medium,UI Glitch
421,Bug,Medium,App Crash
1777,Bug,Medium,UI Glitch
6850,Bug,Medium,Data Sync Error
5188,Bug,Medium,UI Glitch
973,Bug,Medium,Data Sync Error
2117,Bug,Medium,UI Glitch
1177,Bug,Medium,Data Sync Error
5162,Bug,Medium,UI Glitch
5122,Bug,Medium,UI Glitch
1510,Bug,Medium,UI Glitch
5794,Bug,Medium,UI Glitch
745,Bug,Medium,Data Sync Error
2291,Bug,Medium,UI Glitch
6528,Bug,Medium,UI Glitch
5166,Bug,Medium,UI Glitch
5819,Bug,Medium,UI Glitch
2245,Bug,Medium,UI Glitch
4001,Bug,Medium,Data Sync Error
3037,Bug,Medium,App Crash
6087,Bug,Medium,UI Glitch
4872,Bug,Medium,App Crash
3332,Bug,Medium,App Crash
4996,Bug,Medium,UI Glitch
6177,Bug,Medium,App Crash
5398,Bug,Medium,UI Glitch
1781,Bug,Medium,UI Glitch
1899,Bug,Medium,UI Glitch
2884,Bug,Medium,App Crash
2360,Bug,Medium,App Crash
5359,Bug,Medium,Data Sync Error
1906,Bug,Medium,UI Glitch
6186,Bug,Medium,UI Glitch
6997,Bug,Medium,UI Glitch
3920,Bug,Medium,UI Glitch
3930,Bug,Medium,Data Sync Error
2587,Bug,Medium,Data Sync Error
4107,Bug,Medium,UI Glitch
5766,Bug,Medium,UI Glitch
2105,Bug,Medium,Data Sync Error
3308,Bug,Medium,Data Sync Error
4018,Bug,Medium,App Crash
3967,Bug,Medium,App Crash
6558,Login,Medium,Forgot Password
6128,Login,Medium,Account Locked
2966,Login,Medium,Forgot Password
404,Login,Medium,Forgot Password
1958,Login,Medium,Account Locked
1764,Login,Medium,Account Locked
1434,Login,Medium,Forgot Password
3731,Login,Medium,Forgot Password
5284,Login,Medium,Forgot Password
6588,Login,Medium,Forgot Password
6930,Login,Medium,Forgot Password
6259,Login,Medium,Forgot Password
3830,Login,Medium,Forgot Password
1313,Login,Medium,2FA Issue
1373,Login,Medium,Account Locked
5918,Login,Medium,2FA Issue
3014,Login,Medium,Forgot Password
5943,Login,Medium,Forgot Password
3498,Login,Medium,Forgot Password
3923,Login,Medium,Forgot Password
2390,Login,Medium,Account Locked
2739,Login,Medium,Forgot Password
6725,Login,Medium,Forgot Password
4357,Login,Medium,Account Locked
1792,Login,Medium,Forgot Password
786,Login,Medium,Forgot Password
6272,Login,Medium,Forgot Password
4122,Login,Medium,Forgot Password
2168,Login,Medium,Forgot Password
1226,Login,Medium,Forgot Password
2557,Login,Medium,Forgot Password
172,Login,Medium,Forgot Password
3480,Login,Medium,Forgot Password
969,Login,Medium,2FA Issue
5584,Login,Medium,Forgot Password
4666,Login,Medium,Account Locked
2150,Login,Medium,Forgot Password
1150,Login,Medium,2FA Issue
2981,Login,Medium,Forgot Password
2403,Login,Medium,Forgot Password
6720,Login,Medium,Forgot Password
408,Login,Medium,Forgot Password
3060,Login,Medium,Forgot Password
1139,Login,Medium,Forgot Password
147,Login,Medium,Account Locked
5753,Login,Medium,Forgot Password
301,Login,Medium,Forgot Password
124,Login,Medium,Forgot Password
6046,Login,Medium,Forgot Password
5541,Login,Medium,Forgot Password
3496,Login,Medium,Account Locked
1955,Login,Medium,2FA Issue
4089,Login,Medium,2FA Issue
3776,Login,Medium,Forgot Password
5919,Login,Medium,Forgot Password
1701,Login,Medium,Account Locked
6382,Login,Medium,Forgot Password
527,Login,Medium,Forgot Password
820,Login,Medium,Forgot Password
5740,Login,Medium,2FA Issue
2901,Login,Medium,Forgot Password
2959,Login,Medium,Forgot Password
4692,Login,Medium,Forgot Password
1715,Login,Medium,Forgot Password
2910,Login,Medium,Account Locked
4601,Login,Medium,Forgot Password
5429,Login,Medium,Forgot Password
557,Login,Medium,Forgot Password
6651,Login,Medium,Forgot Password
5732,Login,Medium,Forgot Password
6734,Login,Medium,Forgot Password
4952,Login,Medium,Forgot Password
6784,Login,Medium,Forgot Password
3538,Login,Medium,2FA Issue
1187,Login,Medium,Forgot Password
3484,Login,Medium,Forgot Password
2788,Login,Medium,Forgot Password
5390,Login,Medium,Forgot Password
1145,Login,Medium,Forgot Password
6862,Login,Medium,Forgot Password
1616,Login,Medium,Forgot Password
4080,Login,Medium,2FA Issue
793,Login,Medium,Account Locked
4191,Login,Medium,Account Locked
4858,Login,Medium,Account Locked
1358,Login,Medium,Forgot Password
3386,Login,Medium,Forgot Password
6709,Login,Medium,Forgot Password
2076,Login,Medium,Forgot Password
4361,Login,Medium,Account Locked
4824,Login,Medium,Forgot Password
5335,Login,Medium,Account Locked
4987,Login,Medium,2FA Issue
3021,Login,Medium,Forgot Password
3196,Login,Medium,2FA Issue
4173,Login,Medium,2FA Issue
5990,Login,Medium,Forgot Password
173,Login,Medium,Account Locked
5609,Login,Medium,2FA Issue
5121,Login,Medium,Forgot Password
4187,Login,Medium,Forgot Password
3067,Login,Medium,Forgot Password
3883,Login,Medium,Forgot Password
622,Login,Medium,Forgot Password
3672,Login,Medium,Forgot Password
3316,Login,Medium,Account Locked
127,Login,Medium,2FA Issue
4403,Login,Medium,Account Locked
1740,Login,Medium,Forgot Password
2529,Login,Medium,Forgot Password
2903,Login,Medium,Account Locked
3019,Login,Medium,Forgot Password
6235,Login,Medium,Forgot Password
3841,Login,Medium,Forgot Password
4966,Login,Medium,Forgot Password
2742,Login,Medium,Forgot Password
2839,Login,Medium,Account Locked
3716,Login,Medium,Account Locked
6160,Login,Medium,Account Locked
5957,Login,Medium,Forgot Password
3778,Login,Medium,Forgot Password
4919,Login,Medium,2FA Issue
800,Login,Medium,Forgot Password
3772,Login,Medium,2FA Issue
1360,Login,Medium,Forgot Password
387,Login,Medium,Forgot Password
5565,Login,Medium,Forgot Password
1849,Login,Medium,Forgot Password
1625,Login,Medium,Account Locked
6070,Login,Medium,Account Locked
6777,Login,Medium,Account Locked
6094,Login,Medium,Forgot Password
4981,Login,Medium,Forgot Password
6813,Login,Medium,Account Locked
2338,Login,Medium,Forgot Password
2045,Login,Medium,Forgot Password
2005,Login,Medium,Forgot Password
6703,Login,Medium,Forgot Password
6174,Login,Medium,Forgot Password
5580,Login,Medium,Forgot Password
6121,Login,Medium,Account Locked
4577,Login,Medium,2FA Issue
1610,Login,Medium,Account Locked
3245,Login,Medium,Forgot Password
2326,Login,Medium,Account Locked
6548,Login,Medium,Forgot Password
4255,Login,Medium,Forgot Password
5961,Login,Medium,Forgot Password
6380,Login,Medium,Forgot Password
2464,Login,Medium,2FA Issue
6602,Login,Medium,Forgot Password
5338,Login,Medium,Forgot Password
5091,Login,Medium,Account Locked
4465,Login,Medium,2FA Issue
2456,Login,Medium,Account Locked
2070,Login,Medium,Forgot Password
3824,Login,Medium,Account Locked
3850,Login,Medium,Forgot Password
2452,Login,Medium,Forgot Password
5667,Login,Medium,Forgot Password
6775,Login,Medium,Forgot Password
1047,Login,Medium,Forgot Password
2705,Login,Medium,Account Locked
6159,Login,Medium,Forgot Password
4837,Login,Medium,2FA Issue
686,Login,Medium,Forgot Password
4486,Login,Medium,2FA Issue
4283,Login,Medium,2FA Issue
6386,Login,Medium,Forgot Password
87,Login,Medium,Account Locked
302,Login,Medium,Forgot Password
6442,Login,Medium,Account Locked
5549,Login,Medium,Forgot Password
5144,Login,Medium,Forgot Password
5767,Login,Medium,Account Locked
4291,Login,Medium,Account Locked
1931,Login,Medium,Account Locked
6894,Login,Medium,Forgot Password
621,Login,Medium,Account Locked
1334,Login,Medium,2FA Issue
3306,Login,Medium,Forgot Password
6128,Login,Medium,Forgot Password
6903,Login,Medium,Account Locked
5353,Login,Medium,Forgot Password
5226,Login,Medium,Forgot Password
1386,Login,Medium,Forgot Password
2881,Login,Medium,Forgot Password
2318,Login,Medium,Forgot Password
3417,Login,Medium,Forgot Password
6479,Login,Medium,Forgot Password
6321,Login,Medium,Forgot Password
2593,Login,Medium,Forgot Password
3586,Login,Medium,Account Locked
4798,Login,Medium,Account Locked
1590,Login,Medium,Forgot Password
1751,Login,Medium,Forgot Password
6883,Login,Medium,Forgot Password
5859,Login,Medium,Forgot Password
677,Login,Medium,Forgot Password
2967,Login,Medium,Account Locked
4467,Login,Medium,Account Locked
3609,Login,Medium,2FA Issue
4971,Login,Medium,Forgot Password
2147,Login,Medium,Forgot Password
2678,Login,Medium,Forgot Password
3002,Login,Medium,Forgot Password
3732,Login,Medium,Forgot Password
5562,Login,Medium,Forgot Password
6407,Login,Medium,Forgot Password
512,Login,Medium,Forgot Password
6674,Login,Medium,Forgot Password
6752,Login,Medium,Forgot Password
4140,Login,Medium,Forgot Password
1205,Login,Medium,Account Locked
1955,Login,Medium,Account Locked
6275,Login,Medium,Forgot Password
3274,Login,Medium,Forgot Password
79,Login,Medium,Forgot Password
4379,Login,Medium,Forgot Password
4408,Login,Medium,Forgot Password
5805,Login,Medium,Account Locked
4860,Login,Medium,Forgot Password
3425,Login,Medium,Forgot Password
1393,Login,Medium,2FA Issue
4490,Login,Medium,Forgot Password
6281,Login,Medium,Forgot Password
2112,Login,Medium,2FA Issue
6906,Login,Medium,Forgot Password
5376,Login,Medium,Account Locked
1746,Login,Medium,Forgot Password
885,Login,Medium,Forgot Password
1395,Login,Medium,Forgot Password
829,Login,Medium,Account Locked
5903,Login,Medium,Forgot Password
4558,Login,Medium,Forgot Password
2905,Login,Medium,Forgot Password
1068,Login,Medium,Account Locked
5954,Login,Medium,Account Locked
3476,Login,Medium,Account Locked
1607,Login,Medium,2FA Issue
399,Login,Medium,Account Locked
4116,Login,Medium,Forgot Password
4641,Login,Medium,Forgot Password
3346,Login,Medium,Account Locked
1283,Login,Medium,Forgot Password
3158,Login,Medium,Forgot Password
3541,Login,Medium,Forgot Password
5469,Login,Medium,Forgot Password
315,Login,Medium,2FA Issue
4723,Login,Medium,Account Locked
5393,Login,Medium,Account Locked
4415,Login,Medium,Forgot Password
2840,Login,Medium,Forgot Password
2589,Login,Medium,Forgot Password
4541,Login,Medium,Forgot Password
5859,Login,Medium,Forgot Password
5001,Login,Medium,Account Locked
3921,Login,Medium,Forgot Password
1513,Login,Medium,Forgot Password
949,Login,Medium,Forgot Password
3688,Login,Medium,2FA Issue
1205,Login,Medium,Forgot Password
6173,Login,Medium,Forgot Password
3292,Login,Medium,Forgot Password
5468,Login,Medium,Forgot Password
931,Login,Medium,2FA Issue
5028,Login,Medium,Account Locked
3604,Login,Medium,Forgot Password
6302,Login,Medium,2FA Issue
2176,Login,Medium,Forgot Password
1243,Login,Medium,Forgot Password
6035,Login,Medium,Forgot Password
6204,Login,Medium,Forgot Password
2586,Login,Medium,Account Locked
4718,Login,Medium,Forgot Password
2675,Login,Medium,Forgot Password
2980,Login,Medium,Forgot Password
1770,Login,Medium,Forgot Password
784,Login,Medium,Forgot Password
4168,Login,Medium,Forgot Password
5785,Login,Medium,Forgot Password
2108,Login,Medium,Account Locked
3642,Login,Medium,Forgot Password
498,Login,Medium,Forgot Password
3154,Login,Medium,Forgot Password
1918,Login,Medium,2FA Issue
6045,Login,Medium,Forgot Password
6857,Login,Medium,Forgot Password
2302,Login,Medium,Forgot Password
6086,Login,Medium,Forgot Password
6093,Login,Medium,Forgot Password
4083,Login,Medium,Forgot Password
1626,Login,Medium,Forgot Password
6774,Login,Medium,Forgot Password
4247,Login,Medium,2FA Issue
4446,Login,Medium,Forgot Password
2611,Login,Medium,Forgot Password
2251,Login,Medium,Forgot Password
3749,Login,Medium,Forgot Password
2016,Login,Medium,Forgot Password
5617,Login,Medium,2FA Issue
6078,Login,Medium,Account Locked
364,Login,Medium,Forgot Password
1499,Login,Medium,Forgot Password
2128,Login,Medium,Forgot Password
2889,Login,Medium,Account Locked
3926,Login,Medium,2FA Issue
6673,Login,Medium,2FA Issue
4970,Login,Medium,Forgot Password
482,Login,Medium,Forgot Password
4902,Login,Medium,Forgot Password
2437,Login,Medium,Forgot Password
6406,Login,Medium,Forgot Password
1184,Login,Medium,2FA Issue
6345,Login,Medium,2FA Issue
2081,Login,Medium,Forgot Password
2156,Login,Medium,Forgot Password
1067,Login,Medium,Forgot Password
3048,Login,Medium,Forgot Password
5550,Login,Medium,Account Locked
5050,Login,Medium,Forgot Password
8,Login,Medium,Forgot Password
2242,Login,Medium,Forgot Password
3911,Login,Medium,Account Locked
842,Login,Medium,Forgot Password
711,Login,Medium,Forgot Password
6174,Login,Medium,Forgot Password
1711,Login,Medium,2FA Issue
2856,Login,Medium,Forgot Password
4350,Login,Medium,Forgot Password
2521,Login,Medium,Forgot Password
3760,Login,Medium,Forgot Password
2509,Login,Medium,Forgot Password
3526,Login,Medium,Forgot Password
6935,Login,Medium,Account Locked
4055,Login,Medium,Forgot Password
2162,Login,Medium,Account Locked
5941,Login,Medium,Forgot Password
4770,Login,Medium,Account Locked
1968,Login,Medium,Forgot Password
1189,Login,Medium,2FA Issue
3929,Login,Medium,Forgot Password
3334,Login,Medium,Forgot Password
6380,Login,Medium,Account Locked
4530,Login,Medium,Account Locked
6476,Login,Medium,Account Locked
5440,Login,Medium,Forgot Password
2741,Login,Medium,Forgot Password
5910,Login,Medium,Forgot Password
4038,Login,Medium,Forgot Password
3611,Login,Medium,Forgot Password
2109,Login,Medium,2FA Issue
4413,Login,Medium,2FA Issue
1213,Login,Medium,Forgot Password
1893,Login,Medium,2FA Issue
2322,Login,Medium,Forgot Password
754,Login,Medium,Forgot Password
2349,Login,Medium,Account Locked
1868,Login,Medium,Forgot Password
4797,Login,Medium,Account Locked
3477,Login,Medium,Forgot Password
568,Login,Medium,Forgot Password
6266,Login,Medium,Account Locked
6944,Login,Medium,Forgot Password
6327,Login,Medium,Forgot Password
2204,Login,Medium,Forgot Password
5997,Login,Medium,Forgot Password
643,Login,Medium,Forgot Password
6718,Login,Medium,2FA Issue
1319,Login,Medium,Forgot Password
4864,Login,Medium,Forgot Password
4789,Login,Medium,Forgot Password
315,Login,Medium,2FA Issue
2824,Login,Medium,Forgot Password
6639,Login,Medium,Forgot Password
2895,Login,Medium,Account Locked
3681,Login,Medium,Forgot Password
1747,Login,Medium,Forgot Password
2149,Login,Medium,Forgot Password
4877,Login,Medium,Forgot Password
3668,Login,Medium,Forgot Password
5689,Login,Medium,Forgot Password
507,Login,Medium,Forgot Password
3777,Login,Medium,Forgot Password
5548,Login,Medium,Forgot Password
3800,Login,Medium,Forgot Password
3321,Login,Medium,Forgot Password
5187,Login,Medium,Forgot Password
4386,Login,Medium,Forgot Password
5859,Login,Medium,Forgot Password
5476,Login,Medium,Forgot Password
5406,Login,Medium,Forgot Password
4298,Login,Medium,Forgot Password
1060,Login,Medium,Account Locked
5933,Login,Medium,Account Locked
3635,Login,Medium,Forgot Password
285,Login,Medium,Account Locked
1206,Login,Medium,2FA Issue
6468,Login,Medium,Forgot Password
5423,Login,Medium,Forgot Password
4793,Login,Medium,Forgot Password
3949,Login,Medium,Forgot Password
4125,Login,Medium,Account Locked
6645,Payment,Medium,Payment Failed
262,Payment,Medium,Refund Request
6111,Payment,Medium,Payment Failed
3336,Payment,Medium,Invoice Inquiry
6768,Payment,Medium,Payment Failed
5015,Payment,Medium,Payment Failed
276,Payment,Medium,Payment Failed
3513,Payment,Medium,Payment Failed
851,Payment,Medium,Payment Failed
1674,Payment,Medium,Refund Request
2759,Payment,Medium,Payment Failed
968,Payment,Medium,Payment Failed
5196,Payment,Medium,Payment Failed
6184,Payment,Medium,Refund Request
6626,Payment,Medium,Payment Failed
1712,Payment,Medium,Payment Failed
3726,Payment,Medium,Payment Failed
1260,Payment,Medium,Payment Failed
1057,Payment,Medium,Payment Failed
5046,Payment,Medium,Invoice Inquiry
738,Payment,Medium,Payment Failed
1231,Payment,Medium,Payment Failed
1945,Payment,Medium,Payment Failed
641,Payment,Medium,Payment Failed
564,Payment,Medium,Refund Request
3589,Payment,Medium,Payment Failed
6332,Payment,Medium,Payment Failed
3110,Payment,Medium,Payment Failed
642,Payment,Medium,Refund Request
901,Payment,Medium,Invoice Inquiry
6930,Payment,Medium,Invoice Inquiry
3985,Payment,Medium,Payment Failed
4308,Payment,Medium,Invoice Inquiry
2156,Payment,Medium,Payment Failed
5042,Payment,Medium,Invoice Inquiry
2841,Payment,Medium,Refund Request
6041,Payment,Medium,Payment Failed
1501,Payment,Medium,Invoice Inquiry
5653,Payment,Medium,Payment Failed
324,Payment,Medium,Payment Failed
450,Payment,Medium,Invoice Inquiry
3094,Payment,Medium,Invoice Inquiry
4957,Payment,Medium,Payment Failed
6168,Payment,Medium,Payment Failed
707,Payment,Medium,Payment Failed
6373,Payment,Medium,Refund Request
5745,Payment,Medium,Payment Failed
5564,Payment,Medium,Invoice Inquiry
3140,Payment,Medium,Refund Request
4443,Payment,Medium,Refund Request
2487,Payment,Medium,Refund Request
6228,Payment,Medium,Payment Failed
1668,Payment,Medium,Refund Request
5151,Payment,Medium,Payment Failed
172,Payment,Medium,Refund Request
4658,Payment,Medium,Payment Failed
10,Payment,Medium,Payment Failed
6278,Payment,Medium,Refund Request
5873,Payment,Medium,Payment Failed
2875,Payment,Medium,Refund Request
1267,Payment,Medium,Invoice Inquiry
4551,Payment,Medium,Refund Request
6608,Payment,Medium,Refund Request
5004,Payment,Medium,Refund Request
6400,Payment,Medium,Payment Failed
651,Payment,Medium,Refund Request
2808,Payment,Medium,Payment Failed
924,Payment,Medium,Payment Failed
1131,Payment,Medium,Invoice Inquiry
1289,Payment,Medium,Payment Failed
3781,Payment,Medium,Payment Failed
1207,Payment,Medium,Payment Failed
4502,Payment,Medium,Refund Request
863,Payment,Medium,Payment Failed
6710,Payment,Medium,Payment Failed
2825,Payment,Medium,Refund Request
2441,Payment,Medium,Payment Failed
3930,Payment,Medium,Payment Failed
4344,Payment,Medium,Payment Failed
4668,Payment,Medium,Invoice Inquiry
5614,Payment,Medium,Payment Failed
6739,Payment,Medium,Payment Failed
4022,Payment,Medium,Payment Failed
6608,Payment,Medium,Payment Failed
92,Payment,Medium,Payment Failed
944,Payment,Medium,Payment Failed
4294,Payment,Medium,Payment Failed
849,Payment,Medium,Refund Request
5941,Payment,Medium,Payment Failed
4758,Payment,Medium,Payment Failed
6537,Payment,Medium,Payment Failed
6073,Payment,Medium,Payment Failed
385,Payment,Medium,Invoice Inquiry
2654,Payment,Medium,Invoice Inquiry
2547,Payment,Medium,Payment Failed
86,Payment,Medium,Invoice Inquiry
3733,Payment,Medium,Payment Failed
4291,Payment,Medium,Invoice Inquiry
1339,Payment,Medium,Payment Failed
5830,Payment,Medium,Payment Failed
5999,Payment,Medium,Payment Failed
4444,Payment,Medium,Payment Failed
4890,Payment,Medium,Payment Failed
4972,Payment,Medium,Payment Failed
1015,Payment,Medium,Invoice Inquiry
1236,Payment,Medium,Payment Failed
3334,Payment,Medium,Payment Failed
2075,Payment,Medium,Payment Failed
728,Payment,Medium,Payment Failed
3546,Payment,Medium,Payment Failed
4691,Payment,Medium,Payment Failed
5024,Payment,Medium,Payment Failed
6660,Payment,Medium,Payment Failed
6752,Payment,Medium,Refund Request
1448,Payment,Medium,Refund Request
6631,Payment,Medium,Payment Failed
6622,Payment,Medium,Refund Request
5872,Payment,Medium,Payment Failed
136,Payment,Medium,Payment Failed
2503,Payment,Medium,Refund Request
4176,Payment,Medium,Invoice Inquiry
3592,Payment,Medium,Invoice Inquiry
3120,Payment,Medium,Payment Failed
3916,Payment,Medium,Refund Request
4318,Payment,Medium,Payment Failed
6362,Payment,Medium,Invoice Inquiry
5802,Payment,Medium,Payment Failed
3015,Payment,Medium,Refund Request
1541,Payment,Medium,Payment Failed
2854,Payment,Medium,Payment Failed
4188,Payment,Medium,Payment Failed
2656,Payment,Medium,Payment Failed
6075,Payment,Medium,Payment Failed
3246,Payment,Medium,Payment Failed
6283,Payment,Medium,Refund Request
387,Payment,Medium,Payment Failed
2724,Payment,Medium,Refund Request
6266,Payment,Medium,Payment Failed
2447,Payment,Medium,Refund Request
3949,Payment,Medium,Refund Request
6592,Payment,Medium,Payment Failed
5659,Payment,Medium,Payment Failed
3680,Payment,Medium,Payment Failed
1327,Payment,Medium,Refund Request
6136,Payment,Medium,Payment Failed
4275,Payment,Medium,Refund Request
1770,Payment,Medium,Payment Failed
5937,Payment,Medium,Payment Failed
6558,Payment,Medium,Refund Request
1069,Payment,Medium,Invoice Inquiry
4128,Payment,Medium,Payment Failed
3038,Payment,Medium,Payment Failed
5489,Payment,Medium,Payment Failed
3188,Payment,Medium,Payment Failed
1576,Payment,Medium,Refund Request
1829,Payment,Medium,Refund Request
4282,Payment,Medium,Payment Failed
5306,Payment,Medium,Payment Failed
2461,Payment,Medium,Payment Failed
1736,Payment,Medium,Refund Request
2999,Payment,Medium,Invoice Inquiry
4852,Payment,Medium,Payment Failed
2396,Payment,Medium,Invoice Inquiry
2808,Payment,Medium,Refund Request
6371,Payment,Medium,Payment Failed
4208,Payment,Medium,Payment Failed
865,Payment,Medium,Refund Request
5181,Payment,Medium,Refund Request
4703,Payment,Medium,Payment Failed
2971,Payment,Medium,Payment Failed
5007,Payment,Medium,Payment Failed
5377,Payment,Medium,Payment Failed
1549,Payment,Medium,Invoice Inquiry
6303,Payment,Medium,Payment Failed
2242,Payment,Medium,Invoice Inquiry
1284,Payment,Medium,Refund Request
6684,Payment,Medium,Refund Request
3678,Payment,Medium,Payment Failed
4348,Payment,Medium,Invoice Inquiry
6716,Payment,Medium,Payment Failed
32,Payment,Medium,Payment Failed
3967,Payment,Medium,Payment Failed
5110,Payment,Medium,Payment Failed
4962,Payment,Medium,Payment Failed
5191,Payment,Medium,Payment Failed
4572,Payment,Medium,Refund Request
6142,Payment,Medium,Payment Failed
4554,Payment,Medium,Refund Request
3372,Payment,Medium,Invoice Inquiry
2960,Payment,Medium,Payment Failed
5794,Payment,Medium,Payment Failed
1391,Payment,Medium,Invoice Inquiry
3462,Payment,Medium,Payment Failed
5627,Payment,Medium,Refund Request
3740,Payment,Medium,Refund Request
829,Payment,Medium,Invoice Inquiry
1740,Payment,Medium,Payment Failed
5449,Payment,Medium,Payment Failed
191,Payment,Medium,Refund Request
2899,Payment,Medium,Payment Failed
4989,Payment,Medium,Payment Failed
2634,Payment,Medium,Refund Request
315,Payment,Medium,Refund Request
1975,Payment,Medium,Payment Failed
733,Payment,Medium,Invoice Inquiry
6594,Payment,Medium,Payment Failed
2562,Payment,Medium,Payment Failed
311,Payment,Medium,Payment Failed
970,Payment,Medium,Payment Failed
5359,Payment,Medium,Refund Request
2784,Payment,Medium,Payment Failed
5825,Payment,Medium,Payment Failed
208,Payment,Medium,Invoice Inquiry
4929,Payment,Medium,Payment Failed
4203,Payment,Medium,Payment Failed
2108,Payment,Medium,Payment Failed
5120,Payment,Medium,Payment Failed
2665,Payment,Medium,Payment Failed
3692,Payment,Medium,Refund Request
2246,Payment,Medium,Refund Request
4765,Payment,Medium,Refund Request
5517,Payment,Medium,Payment Failed
6406,Payment,Medium,Payment Failed
1237,Payment,Medium,Refund Request
5711,Payment,Medium,Payment Failed
5064,Payment,Medium,Payment Failed
1832,Payment,Medium,Payment Failed
153,Payment,Medium,Invoice Inquiry
4591,Payment,Medium,Refund Request
2599,Payment,Medium,Payment Failed
4156,Payment,Medium,Refund Request
287,Payment,Medium,Refund Request
4876,Payment,Medium,Invoice Inquiry
1998,Payment,Medium,Payment Failed
4481,Payment,Medium,Payment Failed
3917,Payment,Medium,Invoice Inquiry
3086,Payment,Medium,Payment Failed
3757,Payment,Medium,Payment Failed
1133,Payment,Medium,Refund Request
6492,Payment,Medium,Refund Request
3142,Payment,Medium,Payment Failed
5698,Payment,Medium,Payment Failed
1331,Payment,Medium,Payment Failed
5061,Payment,Medium,Payment Failed
3989,Payment,Medium,Refund Request
5764,Payment,Medium,Payment Failed
3556,Payment,Medium,Invoice Inquiry
4665,Payment,Medium,Refund Request
2304,Payment,Medium,Invoice Inquiry
2293,Payment,Medium,Refund Request
6234,Payment,Medium,Refund Request
1300,Payment,Medium,Refund Request
5637,Payment,Medium,Refund Request
3085,Payment,Medium,Payment Failed
2664,Payment,Medium,Payment Failed
6116,Payment,Medium,Payment Failed
1872,Payment,Medium,Payment Failed
790,Payment,Medium,Payment Failed
2845,Payment,Medium,Payment Failed
2349,Payment,Medium,Refund Request
3113,Payment,Medium,Payment Failed
2870,Payment,Medium,Invoice Inquiry
6538,Payment,Medium,Payment Failed
1142,Payment,Medium,Payment Failed
851,Payment,Medium,Payment Failed
6677,Payment,Medium,Payment Failed
5573,Payment,Medium,Refund Request
4375,Payment,Medium,Invoice Inquiry
4803,Payment,Medium,Payment Failed
5442,Payment,Medium,Refund Request
638,Payment,Medium,Payment Failed
2036,Payment,Medium,Payment Failed
1136,Payment,Medium,Invoice Inquiry
1853,Payment,Medium,Invoice Inquiry
6853,Payment,Medium,Payment Failed
5094,Payment,Medium,Payment Failed
3805,Payment,Medium,Payment Failed
4511,Payment,Medium,Payment Failed
3717,Payment,Medium,Invoice Inquiry
3173,Payment,Medium,Payment Failed
776,Payment,Medium,Payment Failed
1250,Payment,Medium,Payment Failed
4903,Payment,Medium,Payment Failed
4188,Payment,Medium,Refund Request
5761,Payment,Medium,Invoice Inquiry
6377,Payment,Medium,Payment Failed
3141,Payment,Medium,Payment Failed
1122,Payment,Medium,Payment Failed
6574,Payment,Medium,Payment Failed
5401,Payment,Medium,Invoice Inquiry
402,Payment,Medium,Payment Failed
670,Payment,Medium,Payment Failed
2207,Payment,Medium,Payment Failed
2441,Payment,Medium,Payment Failed
4188,Payment,Medium,Payment Failed
2124,Payment,Medium,Refund Request
4262,Payment,Medium,Invoice Inquiry
6714,Payment,Medium,Refund Request
4366,Payment,Medium,Payment Failed
2322,Payment,Medium,Payment Failed
5781,Payment,Medium,Payment Failed
3703,Payment,Medium,Payment Failed
6559,Payment,Medium,Refund Request
5563,Payment,Medium,Refund Request
3716,Payment,Medium,Invoice Inquiry
5709,Payment,Medium,Payment Failed
1697,Payment,Medium,Invoice Inquiry
2219,Payment,Medium,Refund Request
746,Payment,Medium,Payment Failed
6485,Payment,Medium,Payment Failed
962,Payment,Medium,Refund Request
4835,Payment,Medium,Payment Failed
438,Payment,Medium,Payment Failed
3900,Payment,Medium,Payment Failed
5520,Payment,Medium,Payment Failed
6170,Payment,Medium,Payment Failed
1564,Payment,Medium,Payment Failed
5077,Payment,Medium,Payment Failed
692,Payment,Medium,Invoice Inquiry
4419,Payment,Medium,Payment Failed
3103,Payment,Medium,Invoice Inquiry
2765,Payment,Medium,Invoice Inquiry
1011,Payment,Medium,Payment Failed
547,Payment,Medium,Payment Failed
681,Payment,Medium,Payment Failed
2998,Payment,Medium,Payment Failed
6211,Payment,Medium,Invoice Inquiry
414,Payment,Medium,Payment Failed
4841,Payment,Medium,Payment Failed
3650,Payment,Medium,Payment Failed
3341,Payment,Medium,Payment Failed
2028,Payment,Medium,Payment Failed
2537,Payment,Medium,Payment Failed
3006,Payment,Medium,Payment Failed
3103,Payment,Medium,Invoice Inquiry
1153,Payment,Medium,Payment Failed
1071,Payment,Medium,Payment Failed
2394,Payment,Medium,Refund Request
4224,Payment,Medium,Payment Failed
147,Payment,Medium,Payment Failed
387,Payment,Medium,Payment Failed
3711,Payment,Medium,Payment Failed
6458,Payment,Medium,Payment Failed
3388,Payment,Medium,Payment Failed
6815,Payment,Medium,Payment Failed
1044,Payment,Medium,Payment Failed
4422,Payment,Medium,Payment Failed
1800,Payment,Medium,Payment Failed
5500,Payment,Medium,Payment Failed
4370,Payment,Medium,Payment Failed
5737,Payment,Medium,Payment Failed
4549,Payment,Medium,Payment Failed
3035,Payment,Medium,Payment Failed
5424,Payment,Medium,Refund Request
3433,Payment,Medium,Invoice Inquiry
5002,Payment,Medium,Payment Failed
2616,Payment,Medium,Invoice Inquiry
5878,Payment,Medium,Refund Request
2591,Payment,Medium,Payment Failed
590,Payment,Medium,Refund Request
2253,Payment,Medium,Payment Failed
17,Payment,Medium,Payment Failed
554,Payment,Medium,Invoice Inquiry
3566,Payment,Medium,Refund Request
3025,Payment,Medium,Payment Failed
947,Payment,Medium,Invoice Inquiry
4347,Payment,Medium,Payment Failed
3729,Payment,Medium,Payment Failed
3087,Payment,Medium,Refund Request
1868,Payment,Medium,Payment Failed
1918,Payment,Medium,Refund Request
6035,Payment,Medium,Payment Failed
5168,Payment,Medium,Payment Failed
258,Payment,Medium,Payment Failed
1025,Payment,Medium,Refund Request
5231,Payment,Medium,Payment Failed
2632,Payment,Medium,Refund Request
4653,Payment,Medium,Payment Failed
3889,Payment,Medium,Refund Request
1489,Payment,Medium,Payment Failed
1424,Payment,Medium,Invoice Inquiry
131,Payment,Medium,Payment Failed
6465,Payment,Medium,Invoice Inquiry
395,Payment,Medium,Payment Failed
5964,Payment,Medium,Payment Failed
2007,Payment,Medium,Payment Failed
4975,Payment,Medium,Payment Failed
5244,Payment,Medium,Payment Failed
3760,Payment,Medium,Invoice Inquiry
2891,Payment,Medium,Payment Failed
5878,Payment,Medium,Payment Failed
985,Payment,Medium,Payment Failed
904,Payment,Medium,Refund Request
1571,Payment,Medium,Payment Failed
2069,Payment,Medium,Payment Failed
5997,Payment,Medium,Refund Request
5704,Payment,Medium,Payment Failed
2532,Payment,Medium,Invoice Inquiry
5240,Account,Medium,Subscription Change
2425,Account,Medium,Update Profile
6726,Account,Medium,Update Profile
322,Account,Medium,Update Profile
521,Account,Medium,Subscription Change
2223,Account,Medium,Update Profile
4088,Account,Medium,Update Profile
3209,Account,Medium,Update Profile
1697,Account,Medium,Update Profile
4673,Account,Medium,Subscription Change
5567,Account,Medium,Update Profile
4594,Account,Medium,Update Profile
2215,Account,Medium,Update Profile
5438,Account,Medium,Delete Account
2409,Account,Medium,Subscription Change
3852,Account,Medium,Update Profile
4467,Account,Medium,Update Profile
4900,Account,Medium,Update Profile
4769,Account,Medium,Update Profile
3887,Account,Medium,Subscription Change
5540,Account,Medium,Subscription Change
4366,Account,Medium,Update Profile
6957,Account,Medium,Subscription Change
3602,Account,Medium,Delete Account
3575,Account,Medium,Update Profile
949,Account,Medium,Subscription Change
5619,Account,Medium,Update Profile
3203,Account,Medium,Subscription Change
5457,Account,Medium,Subscription Change
1533,Account,Medium,Update Profile
4131,Account,Medium,Subscription Change
3518,Account,Medium,Update Profile
2504,Account,Medium,Update Profile
2626,Account,Medium,Subscription Change
36,Account,Medium,Subscription Change
4417,Account,Medium,Subscription Change
433,Account,Medium,Update Profile
558,Account,Medium,Update Profile
776,Account,Medium,Update Profile
6829,Account,Medium,Update Profile
6362,Account,Medium,Subscription Change
5296,Account,Medium,Subscription Change
822,Account,Medium,Update Profile
4591,Account,Medium,Update Profile
6240,Account,Medium,Subscription Change
6833,Account,Medium,Update Profile
4741,Account,Medium,Subscription Change
202,Account,Medium,Update Profile
2599,Account,Medium,Subscription Change
1088,Account,Medium,Update Profile
4082,Account,Medium,Update Profile
943,Account,Medium,Update Profile
4672,Account,Medium,Update Profile
5600,Account,Medium,Update Profile
4161,Account,Medium,Update Profile
5169,Account,Medium,Update Profile
6598,Account,Medium,Update Profile
5021,Account,Medium,Subscription Change
440,Account,Medium,Subscription Change
5003,Account,Medium,Subscription Change
839,Account,Medium,Update Profile
6184,Account,Medium,Update Profile
1127,Account,Medium,Delete Account
2588,Account,Medium,Subscription Change
5503,Account,Medium,Update Profile
3074,Account,Medium,Update Profile
3749,Account,Medium,Update Profile
3967,Account,Medium,Update Profile
3647,Account,Medium,Subscription Change
5482,Account,Medium,Update Profile
410,Account,Medium,Subscription Change
2939,Account,Medium,Subscription Change
6682,Account,Medium,Update Profile
910,Account,Medium,Update Profile
1679,Account,Medium,Update Profile
2537,Account,Medium,Subscription Change
5706,Account,Medium,Delete Account
1313,Account,Medium,Update Profile
4440,Account,Medium,Subscription Change
3201,Account,Medium,Delete Account
5724,Account,Medium,Subscription Change
2631,Account,Medium,Subscription Change
1491,Account,Medium,Subscription Change
1214,Account,Medium,Update Profile
900,Account,Medium,Delete Account
3209,Account,Medium,Subscription Change
1207,Account,Medium,Update Profile
3506,Account,Medium,Update Profile
468,Account,Medium,Update Profile
4785,Account,Medium,Delete Account
3610,Account,Medium,Update Profile
318,Account,Medium,Update Profile
5995,Account,Medium,Update Profile
5951,Account,Medium,Update Profile
2681,Account,Medium,Subscription Change
5014,Account,Medium,Delete Account
464,Account,Medium,Update Profile
1539,Account,Medium,Subscription Change
2466,Account,Medium,Update Profile
2795,Account,Medium,Subscription Change
6854,Account,Medium,Subscription Change
5302,Account,Medium,Update Profile
6787,Account,Medium,Delete Account
6453,Account,Medium,Update Profile
1744,Account,Medium,Update Profile
3748,Account,Medium,Subscription Change
5941,Account,Medium,Subscription Change
1392,Account,Medium,Update Profile
4727,Account,Medium,Subscription Change
3246,Account,Medium,Update Profile
445,Account,Medium,Delete Account
6575,Account,Medium,Update Profile
2301,Account,Medium,Update Profile
3707,Account,Medium,Update Profile
5981,Account,Medium,Subscription Change
1117,Account,Medium,Update Profile
6378,Account,Medium,Update Profile
5454,Account,Medium,Update Profile
5503,Account,Medium,Update Profile
5640,Account,Medium,Update Profile
1945,Account,Medium,Subscription Change
661,Account,Medium,Update Profile
2705,Account,Medium,Update Profile
1836,Account,Medium,Subscription Change
5961,Account,Medium,Subscription Change
226,Account,Medium,Delete Account
553,Account,Medium,Update Profile
676,Account,Medium,Update Profile
34,Account,Medium,Delete Account
967,Account,Medium,Update Profile
3847,Account,Medium,Subscription Change
2783,Account,Medium,Update Profile
1779,Account,Medium,Subscription Change
4465,Account,Medium,Subscription Change
4381,Account,Medium,Update Profile
939,Account,Medium,Update Profile
2127,Account,Medium,Update Profile
1621,Account,Medium,Update Profile
5100,Account,Medium,Update Profile
2425,Account,Medium,Subscription Change
6101,Account,Medium,Subscription Change
6184,Account,Medium,Update Profile
842,Account,Medium,Update Profile
3206,Account,Medium,Delete Account
1047,Account,Medium,Subscription Change
3952,Account,Medium,Delete Account
5763,Account,Medium,Subscription Change
2715,Account,Medium,Update Profile
3692,Account,Medium,Update Profile
2587,Account,Medium,Update Profile
3417,Account,Medium,Subscription Change
4272,Account,Medium,Update Profile
51,Account,Medium,Update Profile
1961,Account,Medium,Update Profile
804,Account,Medium,Update Profile
2286,Account,Medium,Update Profile
1329,Account,Medium,Update Profile
1595,Account,Medium,Subscription Change
3313,Account,Medium,Subscription Change
4978,Account,Medium,Delete Account
4460,Account,Medium,Subscription Change
2047,Account,Medium,Update Profile
451,Account,Medium,Delete Account
3324,Account,Medium,Subscription Change
2482,Account,Medium,Update Profile
3263,Account,Medium,Update Profile
708,Account,Medium,Update Profile
6685,Account,Medium,Update Profile
4488,Account,Medium,Subscription Change
3515,Account,Medium,Delete Account
3873,Account,Medium,Subscription Change
3439,Account,Medium,Update Profile
4844,Account,Medium,Subscription Change
2667,Account,Medium,Update Profile
788,Account,Medium,Subscription Change
6723,Account,Medium,Update Profile
243,Account,Medium,Update Profile
5999,Account,Medium,Update Profile
4173,Account,Medium,Delete Account
1755,Account,Medium,Delete Account
2446,Account,Medium,Update Profile
1418,Account,Medium,Update Profile
302,Account,Medium,Update Profile
3787,Account,Medium,Subscription Change
1289,Account,Medium,Update Profile
1820,Account,Medium,Update Profile
428,Account,Medium,Subscription Change
951,Account,Medium,Subscription Change
2103,Account,Medium,Update Profile
4060,Account,Medium,Update Profile
6126,Account,Medium,Subscription Change
4474,Account,Medium,Update Profile
3428,Account,Medium,Subscription Change
5438,Account,Medium,Update Profile
945,Account,Medium,Subscription Change
6539,Account,Medium,Subscription Change
2954,Account,Medium,Subscription Change
3718,Account,Medium,Subscription Change
5519,Account,Medium,Update Profile
858,Account,Medium,Update Profile
6969,Account,Medium,Delete Account
729,Account,Medium,Update Profile
4586,Account,Medium,Update Profile
3812,Account,Medium,Subscription Change
6512,Account,Medium,Update Profile
2198,Account,Medium,Subscription Change
5686,Account,Medium,Update Profile
435,Account,Medium,Update Profile
1839,Account,Medium,Update Profile
1084,Account,Medium,Subscription Change
5033,Account,Medium,Update Profile
4563,Account,Medium,Update Profile
624,Account,Medium,Delete Account
6564,Account,Medium,Update Profile
4417,Account,Medium,Subscription Change
371,Account,Medium,Subscription Change
793,Account,Medium,Update Profile
844,Account,Medium,Subscription Change
6591,Account,Medium,Update Profile
2220,Account,Medium,Subscription Change
1042,Account,Medium,Subscription Change
5998,Account,Medium,Update Profile
6893,Account,Medium,Update Profile
5963,Account,Medium,Subscription Change
2700,Account,Medium,Update Profile
1269,Account,Medium,Subscription Change
1722,Account,Medium,Update Profile
989,Account,Medium,Update Profile
47,Account,Medium,Update Profile
3134,Account,Medium,Subscription Change
4817,Account,Medium,Update Profile
4762,Account,Medium,Update Profile
6637,Account,Medium,Update Profile
3385,Account,Medium,Update Profile
6550,Account,Medium,Update Profile
6433,Account,Medium,Update Profile
2836,Account,Medium,Update Profile
1917,Account,Medium,Subscription Change
1019,Account,Medium,Update Profile
1927,Account,Medium,Subscription Change
2707,Account,Medium,Subscription Change
860,Account,Medium,Subscription Change
4263,Account,Medium,Delete Account
4415,Account,Medium,Subscription Change
5353,Account,Medium,Update Profile
2229,Account,Medium,Delete Account
3144,Account,Medium,Delete Account
748,Account,Medium,Update Profile
295,Account,Medium,Update Profile
1248,Account,Medium,Subscription Change
1676,Account,Medium,Update Profile
6993,Account,Medium,Update Profile
847,Account,Medium,Subscription Change
53,Account,Medium,Delete Account
799,Account,Medium,Update Profile
4235,Account,Medium,Subscription Change
4986,Account,Medium,Subscription Change
2499,Account,Medium,Update Profile
4996,Account,Medium,Update Profile
4515,Account,Medium,Update Profile
1092,Account,Medium,Delete Account
3693,Account,Medium,Update Profile
6281,Account,Medium,Update Profile
2797,Account,Medium,Delete Account
6890,Account,Medium,Delete Account
1689,Account,Medium,Subscription Change
3269,Account,Medium,Subscription Change
4488,Account,Medium,Update Profile
3207,Account,Medium,Update Profile
5700,Account,Medium,Delete Account
5736,Account,Medium,Subscription Change
1014,Account,Medium,Update Profile
238,Account,Medium,Subscription Change
965,Account,Medium,Update Profile
3466,Account,Medium,Update Profile
4773,Account,Medium,Update Profile
2271,Account,Medium,Subscription Change
4137,Account,Medium,Update Profile
4081,Account,Medium,Update Profile
4214,Account,Medium,Update Profile
161,Account,Medium,Update Profile
6213,Account,Medium,Delete Account
6508,Account,Medium,Update Profile
1372,Account,Medium,Update Profile
172,Account,Medium,Delete Account
613,Account,Medium,Subscription Change
2870,Account,Medium,Update Profile
1597,Account,Medium,Subscription Change
5904,Account,Medium,Update Profile
3939,Account,Medium,Update Profile
649,Account,Medium,Update Profile
3576,Account,Medium,Update Profile
6546,Account,Medium,Update Profile
4104,Account,Medium,Update Profile
5686,Account,Medium,Delete Account
3211,Account,Medium,Delete Account
1734,Account,Medium,Subscription Change
1759,Account,Medium,Update Profile
3611,Account,Medium,Update Profile
1807,Account,Medium,Subscription Change
1996,Account,Medium,Subscription Change
522,Account,Medium,Update Profile
4116,Account,Medium,Update Profile
3937,Account,Medium,Update Profile
2461,Account,Medium,Update Profile
5223,Account,Medium,Subscription Change
6425,Account,Medium,Update Profile
6294,Account,Medium,Update Profile
4941,Account,Medium,Subscription Change
3126,Account,Medium,Subscription Change
5058,Account,Medium,Update Profile
6772,Account,Medium,Update Profile
4375,Account,Medium,Update Profile
5083,Account,Medium,Update Profile
2438,Account,Medium,Update Profile
6189,Account,Medium,Update Profile
1325,Account,Medium,Subscription Change
3439,Account,Medium,Update Profile
640,Account,Medium,Update Profile
5679,Account,Medium,Update Profile
5265,Account,Medium,Update Profile
5402,Account,Medium,Update Profile
2262,Account,Medium,Delete Account
1924,Account,Medium,Update Profile
5582,Account,Medium,Update Profile
2010,Account,Medium,Update Profile
2438,Account,Medium,Subscription Change
1431,Account,Medium,Subscription Change
4282,Account,Medium,Subscription Change
6104,Account,Medium,Update Profile
3980,Account,Medium,Update Profile
2407,Account,Medium,Subscription Change
3822,Account,Medium,Update Profile
5318,Account,Medium,Delete Account
6201,Account,Medium,Update Profile
5159,Account,Medium,Subscription Change
756,Account,Medium,Subscription Change
336,Account,Medium,Update Profile
4364,Account,Medium,Subscription Change
1625,Account,Medium,Subscription Change
4785,Account,Medium,Delete Account
440,Account,Medium,Delete Account
72,Account,Medium,Update Profile
5348,Account,Medium,Update Profile
4548,Account,Medium,Update Profile
2979,Account,Medium,Delete Account
863,Account,Medium,Delete Account
3004,Account,Medium,Delete Account
5606,Account,Medium,Update Profile
2434,Account,Medium,Update Profile
6884,Account,Medium,Update Profile
5230,Account,Medium,Subscription Change
6889,Account,Medium,Subscription Change
1090,Account,Medium,Subscription Change
925,Account,Medium,Update Profile
1245,Account,Medium,Update Profile
5824,Account,Medium,Update Profile
494,Account,Medium,Update Profile
5025,Account,Medium,Update Profile
6278,Account,Medium,Update Profile
33,Account,Medium,Subscription Change
4006,Account,Medium,Update Profile
2214,Account,Medium,Update Profile
5554,Account,Medium,Update Profile
5164,Account,Medium,Update Profile
1388,Account,Medium,Update Profile
2405,Account,Medium,Delete Account
6720,Account,Medium,Subscription Change
5661,Account,Medium,Update Profile
5752,Account,Medium,Update Profile
3456,Account,Medium,Subscription Change
3087,Account,Medium,Update Profile
6807,Account,Medium,Update Profile
3625,Account,High,Update Profile
1774,Account,High,Update Profile
3752,Account,High,Update Profile
281,Account,High,Subscription Change
72,Account,High,Update Profile
4387,Account,High,Update Profile
2148,Account,High,Update Profile
5426,Account,High,Update Profile
862,Account,High,Subscription Change
4830,Account,High,Subscription Change
5443,Account,High,Update Profile
5958,Account,High,Subscription Change
1886,Account,High,Update Profile
6664,Account,High,Update Profile
4744,Account,High,Update Profile
3106,Account,High,Subscription Change
2658,Account,High,Subscription Change
3427,Account,High,Update Profile
4283,Account,High,Update Profile
6225,Account,High,Update Profile
5906,Account,High,Subscription Change
1232,Account,High,Update Profile
4461,Account,High,Update Profile
2000,Account,High,Subscription Change
326,Account,High,Subscription Change
6682,Account,High,Subscription Change
3768,Account,High,Subscription Change
4460,Account,High,Update Profile
2692,Account,High,Subscription Change
3214,Account,High,Update Profile
3222,Account,High,Update Profile
813,Account,High,Subscription Change
5770,Account,High,Subscription Change
4192,Account,High,Subscription Change
3608,Account,High,Subscription Change
4621,Account,High,Update Profile
5555,Account,High,Update Profile
3965,Account,High,Delete Account
6589,Account,High,Subscription Change
6439,Account,High,Update Profile
6609,Account,High,Update Profile
2643,Account,High,Subscription Change
3545,Account,High,Subscription Change
1300,Account,High,Update Profile
4218,Account,High,Delete Account
6058,Account,High,Delete Account
2285,Account,High,Subscription Change
6740,Account,High,Subscription Change
3018,Account,High,Delete Account
4189,Account,High,Update Profile
2317,Account,High,Update Profile
4941,Account,High,Update Profile
5787,Account,High,Update Profile
3179,Account,High,Subscription Change
270,Account,High,Update Profile
3471,Account,High,Subscription Change
4313,Account,High,Update Profile
5050,Account,High,Update Profile
4219,Account,High,Update Profile
452,Account,High,Update Profile
4983,Account,High,Update Profile
218,Account,High,Update Profile
1544,Account,High,Update Profile
5160,Account,High,Update Profile
374,Account,High,Update Profile
6772,Account,High,Update Profile
6708,Account,High,Update Profile
3277,Account,High,Update Profile
3262,Account,High,Update Profile
4013,Account,High,Update Profile
6705,Account,High,Update Profile
1945,Account,High,Subscription Change
4091,Account,High,Subscription Change
5607,Account,High,Subscription Change
3969,Account,High,Update Profile
4367,Account,High,Update Profile
2350,Account,High,Update Profile
5390,Account,High,Delete Account
659,Account,High,Update Profile
1570,Account,High,Subscription Change
2634,Account,High,Update Profile
2600,Account,High,Subscription Change
5682,Account,High,Update Profile
833,Account,High,Delete Account
1362,Account,High,Update Profile
2900,Account,High,Update Profile
5661,Account,High,Subscription Change
2518,Account,High,Update Profile
1044,Account,High,Update Profile
1293,Account,High,Update Profile
3234,Account,High,Subscription Change
4483,Account,High,Update Profile
372,Account,High,Update Profile
4537,Account,High,Update Profile
6934,Account,High,Update Profile
2404,Account,High,Subscription Change
1881,Account,High,Update Profile
4250,Account,High,Update Profile
3450,Account,High,Subscription Change
5522,Account,High,Update Profile
2245,Account,High,Delete Account
3689,Account,High,Update Profile
4406,Account,High,Subscription Change
1152,Account,High,Subscription Change
6005,Account,High,Subscription Change
6400,Account,High,Subscription Change
3387,Account,High,Update Profile
3715,Account,High,Subscription Change
4882,Account,High,Update Profile
1722,Account,High,Update Profile
2667,Account,High,Update Profile
18,Account,High,Update Profile
1192,Account,High,Delete Account
388,Account,High,Subscription Change
4547,Account,High,Subscription Change
743,Account,High,Update Profile
6334,Account,High,Subscription Change
206,Account,High,Delete Account
711,Account,High,Update Profile
6888,Account,High,Subscription Change
1353,Account,High,Subscription Change
2509,Account,High,Update Profile
2633,Account,High,Delete Account
1288,Account,High,Update Profile
63,Account,High,Update Profile
5327,Account,High,Update Profile
1457,Account,High,Subscription Change
80,Account,High,Update Profile
335,Account,High,Update Profile
4105,Account,High,Update Profile
975,Account,High,Update Profile
4596,Account,High,Subscription Change
5257,Account,High,Subscription Change
5319,Account,High,Subscription Change
927,Account,High,Delete Account
5091,Account,High,Update Profile
4430,Account,High,Update Profile
649,Account,High,Subscription Change
6837,Account,High,Subscription Change
2088,Account,High,Update Profile
6446,Account,High,Update Profile
6912,Account,High,Delete Account
693,Account,High,Update Profile
3323,Account,High,Update Profile
464,Account,High,Update Profile
5956,Account,High,Subscription Change
4415,Account,High,Update Profile
5265,Account,High,Update Profile
1958,Account,High,Update Profile
3297,Account,High,Subscription Change
220,Account,High,Update Profile
4720,Account,High,Update Profile
626,Account,High,Update Profile
1580,Account,High,Update Profile
1808,Account,High,Update Profile
4813,Account,High,Subscription Change
4361,Account,High,Update Profile
5068,Account,High,Subscription Change
92,Account,High,Update Profile
883,Account,High,Update Profile
2879,Account,High,Update Profile
644,Account,High,Subscription Change
5555,Account,High,Subscription Change
2120,Account,High,Subscription Change
1845,Account,High,Update Profile
6513,Account,High,Subscription Change
3087,Account,High,Update Profile
1784,Account,High,Update Profile
1393,Account,High,Subscription Change
3692,Account,High,Delete Account
517,Account,High,Subscription Change
1325,Account,High,Update Profile
1780,Account,High,Subscription Change
1896,Account,High,Update Profile
577,Account,High,Update Profile
5068,Account,High,Update Profile
4418,Account,High,Delete Account
4338,Account,High,Update Profile
900,Account,High,Subscription Change
3861,Account,High,Update Profile
5721,Account,High,Delete Account
6082,Account,High,Update Profile
6060,Account,High,Update Profile
5615,Account,High,Update Profile
5462,Account,High,Subscription Change
5951,Account,High,Subscription Change
1615,Account,High,Update Profile
5309,Account,High,Update Profile
3494,Account,High,Subscription Change
3400,Account,High,Update Profile
5139,Account,High,Update Profile
5227,Account,High,Update Profile
2162,Account,High,Update Profile
871,Account,High,Subscription Change
3514,Account,High,Subscription Change
4946,Account,High,Delete Account
1784,Account,High,Update Profile
2521,Account,High,Subscription Change
3755,Account,High,Update Profile
5845,Account,High,Update Profile
5618,Account,High,Update Profile
2529,Account,High,Update Profile
2430,Account,High,Update Profile
5102,Account,High,Delete Account
951,Account,High,Update Profile
6451,Account,High,Update Profile
6352,Account,High,Update Profile
4483,Account,High,Update Profile
6912,Account,High,Update Profile
3888,Account,High,Update Profile
1433,Account,High,Update Profile
668,Account,High,Update Profile
2184,Account,High,Subscription Change
2572,Account,High,Subscription Change
6316,Account,High,Update Profile
5757,Account,High,Update Profile
3174,Account,High,Subscription Change
3306,Account,High,Update Profile
2156,Account,High,Delete Account
195,Account,High,Subscription Change
3785,Account,High,Update Profile
1994,Account,High,Subscription Change
4263,Account,High,Subscription Change
5037,Account,High,Update Profile
3712,Account,High,Update Profile
4724,Account,High,Delete Account
2987,Account,High,Subscription Change
3369,Account,High,Delete Account
6122,Account,High,Subscription Change
3613,Account,High,Update Profile
5024,Account,High,Update Profile
6650,Account,High,Subscription Change
737,Account,High,Delete Account
1856,Account,High,Subscription Change
6873,Account,High,Update Profile
6446,Account,High,Update Profile
5280,Account,High,Update Profile
431,Account,High,Update Profile
6982,Account,High,Update Profile
3349,Account,High,Update Profile
310,Account,High,Update Profile
6808,Account,High,Delete Account
52,Account,High,Subscription Change
843,Account,High,Update Profile
795,Account,High,Delete Account
5323,Account,High,Update Profile
4027,Account,High,Subscription Change
2204,Account,High,Update Profile
5250,Account,High,Delete Account
5139,Account,High,Subscription Change
4473,Account,High,Update Profile
4132,Account,High,Delete Account
6266,Account,High,Subscription Change
434,Account,High,Subscription Change
6345,Account,High,Subscription Change
5477,Account,High,Update Profile
84,Account,High,Subscription Change
2266,Account,High,Subscription Change
4315,Account,High,Update Profile
2429,Account,High,Update Profile
198,Account,High,Update Profile
2662,Account,High,Update Profile
6167,Account,High,Update Profile
2742,Account,High,Update Profile
2457,Account,High,Update Profile
660,Account,High,Delete Account
5160,Account,High,Subscription Change
2625,Account,High,Update Profile
5573,Account,High,Update Profile
3678,Account,High,Update Profile
4757,Account,High,Update Profile
5080,Account,High,Update Profile
4019,Account,High,Update Profile
6533,Account,High,Subscription Change
5512,Account,High,Update Profile
2453,Account,High,Subscription Change
52,Account,High,Update Profile
857,Account,High,Update Profile
6739,Account,High,Delete Account
3438,Account,High,Update Profile
126,Account,High,Update Profile
5488,Account,High,Subscription Change
1413,Account,High,Subscription Change
5071,Account,High,Update Profile
2090,Account,High,Update Profile
4176,Account,High,Update Profile
3053,Account,High,Subscription Change
1713,Account,High,Subscription Change
822,Account,High,Update Profile
3974,Account,High,Update Profile
6371,Account,High,Update Profile
3368,Account,High,Update Profile
6914,Account,High,Subscription Change
1422,Account,High,Update Profile
5872,Account,High,Update Profile
6084,Account,High,Update Profile
6173,Account,High,Update Profile
4286,Account,High,Update Profile
6172,Account,High,Update Profile
5139,Account,High,Update Profile
5899,Account,High,Delete Account
997,Account,High,Update Profile
149,Account,High,Update Profile
3574,Account,High,Subscription Change
3284,Account,High,Update Profile
5269,Account,High,Subscription Change
104,Account,High,Subscription Change
1384,Account,High,Update Profile
3786,Account,High,Subscription Change
2767,Account,High,Update Profile
5501,Account,High,Update Profile
4153,Account,High,Delete Account
3210,Account,High,Update Profile
1177,Account,High,Subscription Change
4994,Account,High,Subscription Change
1644,Account,High,Update Profile
5023,Account,High,Update Profile
5417,Account,High,Delete Account
2016,Account,High,Subscription Change
6736,Account,High,Update Profile
2771,Account,High,Update Profile
1736,Account,High,Delete Account
2463,Account,High,Update Profile
4357,Account,High,Update Profile
2361,Account,High,Update Profile
3816,Account,High,Update Profile
1781,Account,High,Update Profile
6195,Account,High,Update Profile
6290,Account,High,Subscription Change
48,Account,High,Subscription Change
5878,Account,High,Update Profile
5553,Account,High,Subscription Change
3200,Account,High,Update Profile
6035,Account,High,Subscription Change
4045,Account,High,Update Profile
3554,Account,High,Subscription Change
2673,Account,High,Update Profile
603,Account,High,Subscription Change
4368,Account,High,Update Profile
1275,Account,High,Subscription Change
3756,Account,High,Update Profile
4785,Account,High,Subscription Change
1849,Account,High,Update Profile
3322,Account,High,Update Profile
5432,Account,High,Update Profile
4048,Account,High,Update Profile
1241,Account,High,Update Profile
4828,Account,High,Update Profile
6866,Account,High,Update Profile
2784,Account,High,Subscription Change
4863,Account,High,Subscription Change
1975,Account,High,Update Profile
3526,Account,High,Update Profile
1455,Account,High,Subscription Change
2824,Account,High,Update Profile
2122,Account,High,Delete Account
3446,Account,High,Update Profile
5553,Account,High,Subscription Change
4890,Account,High,Subscription Change
1880,Account,High,Update Profile
1366,Account,High,Update Profile
5695,Account,High,Update Profile
1438,Account,High,Update Profile
4543,Account,High,Update Profile
2301,Account,High,Subscription Change
6761,Account,High,Subscription Change
2507,Account,High,Subscription Change
657,Account,High,Subscription Change
1492,Account,High,Update Profile
3383,Account,High,Subscription Change
6842,Account,High,Subscription Change
6503,Account,High,Update Profile
5293,Account,High,Subscription Change
4483,Bug,High,Data Sync Error
5387,Bug,High,UI Glitch
4592,Bug,High,UI Glitch
4083,Bug,High,Data Sync Error
901,Bug,High,UI Glitch
3543,Bug,High,UI Glitch
6505,Bug,High,Data Sync Error
392,Bug,High,Data Sync Error
3615,Bug,High,App Crash
5431,Bug,High,Data Sync Error
625,Bug,High,UI Glitch
3847,Bug,High,UI Glitch
5186,Bug,High,App Crash
4804,Bug,High,UI Glitch
6378,Bug,High,Data Sync Error
3522,Bug,High,UI Glitch
6821,Bug,High,App Crash
3725,Bug,High,Data Sync Error
6661,Bug,High,App Crash
831,Bug,High,Data Sync Error
1285,Bug,High,App Crash
2335,Bug,High,App Crash
964,Bug,High,UI Glitch
4905,Bug,High,App Crash
331,Bug,High,UI Glitch
1126,Bug,High,Data Sync Error
1085,Bug,High,App Crash
3412,Bug,High,UI Glitch
3114,Bug,High,App Crash
5309,Bug,High,Data Sync Error
2090,Bug,High,App Crash
6548,Bug,High,Data Sync Error
4660,Bug,High,UI Glitch
3192,Bug,High,UI Glitch
3840,Bug,High,Data Sync Error
3471,Bug,High,UI Glitch
3137,Bug,High,UI Glitch
5662,Bug,High,App Crash
2989,Bug,High,UI Glitch
6779,Bug,High,UI Glitch
3160,Bug,High,UI Glitch
5648,Bug,High,App Crash
2311,Bug,High,Data Sync Error
233,Bug,High,App Crash
4910,Bug,High,UI Glitch
6828,Bug,High,UI Glitch
3673,Bug,High,App Crash
4505,Bug,High,UI Glitch
6805,Bug,High,UI Glitch
4202,Bug,High,UI Glitch
3313,Bug,High,Data Sync Error
6452,Bug,High,UI Glitch
648,Bug,High,UI Glitch
2346,Bug,High,App Crash
6514,Bug,High,App Crash
648,Bug,High,UI Glitch
4720,Bug,High,Data Sync Error
6348,Bug,High,App Crash
1003,Bug,High,UI Glitch
981,Bug,High,UI Glitch
3822,Bug,High,UI Glitch
904,Bug,High,App Crash
1872,Bug,High,UI Glitch
2022,Bug,High,Data Sync Error
1251,Bug,High,UI Glitch
4729,Bug,High,Data Sync Error
2023,Bug,High,Data Sync Error
5922,Bug,High,UI Glitch
3911,Bug,High,App Crash
5042,Bug,High,UI Glitch
2521,Bug,High,UI Glitch
6224,Bug,High,UI Glitch
4924,Bug,High,UI Glitch
4797,Bug,High,App Crash
168,Bug,High,App Crash
511,Bug,High,App Crash
1585,Bug,High,UI Glitch
1972,Bug,High,App Crash
5752,Bug,High,Data Sync Error
2479,Bug,High,App Crash
205,Bug,High,UI Glitch
5825,Bug,High,Data Sync Error
3835,Bug,High,App Crash
3967,Bug,High,App Crash
1938,Bug,High,Data Sync Error
2620,Bug,High,UI Glitch
4089,Bug,High,Data Sync Error
4275,Bug,High,UI Glitch
6350,Bug,High,Data Sync Error
6067,Bug,High,App Crash
6535,Bug,High,UI Glitch
5901,Bug,High,UI Glitch
5951,Bug,High,UI Glitch
5630,Bug,High,UI Glitch
3819,Bug,High,App Crash
4430,Bug,High,Data Sync Error
1043,Bug,High,UI Glitch
1937,Bug,High,UI Glitch
5386,Bug,High,App Crash
1358,Bug,High,Data Sync Error
2014,Bug,High,App Crash
2634,Bug,High,UI Glitch
36,Bug,High,App Crash
1805,Bug,High,Data Sync Error
590,Bug,High,UI Glitch
2282,Bug,High,Data Sync Error
5191,Bug,High,UI Glitch
6247,Bug,High,UI Glitch
6196,Bug,High,UI Glitch
1327,Bug,High,Data Sync Error
4188,Bug,High,UI Glitch
5911,Bug,High,UI Glitch
5971,Bug,High,UI Glitch
802,Bug,High,App Crash
529,Bug,High,UI Glitch
1122,Bug,High,App Crash
6779,Bug,High,UI Glitch
5286,Bug,High,Data Sync Error
6181,Bug,High,App Crash
194,Bug,High,UI Glitch
2093,Bug,High,UI Glitch
3836,Bug,High,UI Glitch
3125,Bug,High,UI Glitch
3708,Bug,High,App Crash
2801,Bug,High,Data Sync Error
3616,Bug,High,UI Glitch
5366,Bug,High,Data Sync Error
3808,Bug,High,UI Glitch
2901,Bug,High,UI Glitch
6351,Bug,High,UI Glitch
5881,Bug,High,Data Sync Error
6279,Bug,High,UI Glitch
912,Bug,High,UI Glitch
3897,Bug,High,Data Sync Error
5489,Bug,High,App Crash
6782,Bug,High,Data Sync Error
957,Bug,High,App Crash
2073,Bug,High,App Crash
124,Bug,High,UI Glitch
1777,Bug,High,UI Glitch
1942,Bug,High,UI Glitch
2316,Bug,High,UI Glitch
2242,Bug,High,Data Sync Error
25,Bug,High,UI Glitch
1094,Bug,High,UI Glitch
4199,Bug,High,UI Glitch
4838,Bug,High,UI Glitch
6863,Bug,High,UI Glitch
1564,Bug,High,App Crash
2263,Bug,High,App Crash
5873,Bug,High,Data Sync Error
3713,Bug,High,UI Glitch
988,Bug,High,UI Glitch
3944,Bug,High,App Crash
4105,Bug,High,Data Sync Error
954,Bug,High,UI Glitch
6023,Bug,High,UI Glitch
6053,Bug,High,App Crash
2929,Bug,High,App Crash
5025,Bug,High,App Crash
511,Bug,High,UI Glitch
793,Bug,High,UI Glitch
6630,Bug,High,App Crash
6015,Bug,High,Data Sync Error
6582,Bug,High,App Crash
4596,Bug,High,UI Glitch
6555,Bug,High,App Crash
4026,Bug,High,UI Glitch
2696,Bug,High,UI Glitch
4694,Bug,High,Data Sync Error
4862,Bug,High,UI Glitch
4410,Bug,High,UI Glitch
520,Bug,High,UI Glitch
3455,Bug,High,Data Sync Error
4399,Bug,High,UI Glitch
5080,Bug,High,UI Glitch
4959,Bug,High,Data Sync Error
382,Bug,High,UI Glitch
5735,Bug,High,App Crash
4414,Bug,High,App Crash
4137,Bug,High,Data Sync Error
2404,Bug,High,UI Glitch
5758,Bug,High,App Crash
6919,Bug,High,UI Glitch
2910,Bug,High,UI Glitch
5351,Bug,High,Data Sync Error
5889,Bug,High,App Crash
4924,Bug,High,App Crash
3781,Bug,High,Data Sync Error
6461,Bug,High,UI Glitch
6636,Bug,High,UI Glitch
3876,Bug,High,UI Glitch
102,Bug,High,UI Glitch
5067,Bug,High,App Crash
6157,Bug,High,UI Glitch
4529,Bug,High,UI Glitch
38,Bug,High,UI Glitch
5006,Bug,High,App Crash
725,Bug,High,UI Glitch
1931,Bug,High,UI Glitch
1641,Bug,High,UI Glitch
4614,Bug,High,App Crash
3501,Bug,High,UI Glitch
6865,Bug,High,App Crash
1319,Bug,High,UI Glitch
1228,Bug,High,App Crash
3476,Bug,High,UI Glitch
441,Bug,High,App Crash
3088,Bug,High,UI Glitch
1603,Bug,High,UI Glitch
6828,Bug,High,UI Glitch
4451,Bug,High,Data Sync Error
738,Bug,High,UI Glitch
1828,Bug,High,Data Sync Error
916,Bug,High,UI Glitch
2025,Bug,High,App Crash
945,Bug,High,UI Glitch
4866,Bug,High,Data Sync Error
1012,Bug,High,Data Sync Error
287,Bug,High,Data Sync Error
1136,Bug,High,App Crash
4279,Bug,High,App Crash
6690,Bug,High,UI Glitch
1514,Bug,High,UI Glitch
323,Bug,High,UI Glitch
6018,Bug,High,UI Glitch
2537,Bug,High,UI Glitch
1070,Bug,High,UI Glitch
3720,Bug,High,UI Glitch
3722,Bug,High,App Crash
1558,Bug,High,App Crash
3216,Bug,High,Data Sync Error
4408,Bug,High,Data Sync Error
5786,Bug,High,Data Sync Error
2561,Bug,High,UI Glitch
3738,Bug,High,UI Glitch
6102,Bug,High,UI Glitch
6894,Bug,High,App Crash
712,Bug,High,UI Glitch
2762,Bug,High,Data Sync Error
3543,Bug,High,App Crash
143,Bug,High,App Crash
6205,Bug,High,UI Glitch
6272,Bug,High,UI Glitch
1142,Bug,High,UI Glitch
1258,Bug,High,App Crash
3279,Bug,High,App Crash
6148,Bug,High,UI Glitch
4088,Bug,High,Data Sync Error
5399,Bug,High,UI Glitch
6539,Bug,High,Data Sync Error
2004,Bug,High,Data Sync Error
51,Bug,High,UI Glitch
2524,Bug,High,App Crash
431,Bug,High,App Crash
4649,Bug,High,UI Glitch
145,Bug,High,UI Glitch
6371,Bug,High,Data Sync Error
2929,Bug,High,App Crash
4333,Bug,High,UI Glitch
270,Bug,High,UI Glitch
5329,Bug,High,UI Glitch
592,Bug,High,Data Sync Error
2965,Bug,High,App Crash
2799,Bug,High,UI Glitch
2163,Bug,High,UI Glitch
2017,Bug,High,App Crash
3340,Bug,High,App Crash
2690,Bug,High,Data Sync Error
665,Bug,High,App Crash
2643,Bug,High,UI Glitch
5701,Bug,High,UI Glitch
4627,Bug,High,Data Sync Error
6698,Bug,High,App Crash
1854,Bug,High,App Crash
4706,Bug,High,Data Sync Error
4028,Bug,High,UI Glitch
2,Bug,High,UI Glitch
6127,Bug,High,App Crash
639,Bug,High,App Crash
2353,Bug,High,App Crash
1765,Bug,High,App Crash
6258,Bug,High,Data Sync Error
1696,Bug,High,App Crash
850,Bug,High,UI Glitch
3615,Bug,High,UI Glitch
929,Bug,High,App Crash
6963,Bug,High,App Crash
2006,Bug,High,UI Glitch
1779,Bug,High,UI Glitch
1076,Bug,High,UI Glitch
3278,Bug,High,UI Glitch
5978,Bug,High,UI Glitch
6233,Bug,High,App Crash
861,Bug,High,Data Sync Error
6818,Bug,High,App Crash
346,Bug,High,App Crash
1742,Bug,High,Data Sync Error
2350,Bug,High,UI Glitch
6827,Bug,High,App Crash
6448,Bug,High,UI Glitch
1210,Bug,High,UI Glitch
4114,Bug,High,Data Sync Error
5698,Bug,High,UI Glitch
6720,Bug,High,App Crash
4008,Bug,High,UI Glitch
4778,Bug,High,App Crash
5166,Bug,High,UI Glitch
1480,Bug,High,Data Sync Error
4721,Bug,High,Data Sync Error
1981,Bug,High,Data Sync Error
2356,Bug,High,UI Glitch
5295,Bug,High,App Crash
4200,Bug,High,UI Glitch
1940,Bug,High,Data Sync Error
1322,Bug,High,UI Glitch
6879,Bug,High,UI Glitch
3244,Bug,High,App Crash
1092,Bug,High,UI Glitch
2551,Bug,High,UI Glitch
6938,Bug,High,UI Glitch
2056,Bug,High,App Crash
6135,Bug,High,App Crash
757,Bug,High,App Crash
1997,Bug,High,UI Glitch
6692,Bug,High,App Crash
707,Bug,High,UI Glitch
4711,Bug,High,Data Sync Error
369,Bug,High,Data Sync Error
4790,Bug,High,UI Glitch
832,Bug,High,UI Glitch
1468,Bug,High,App Crash
2609,Bug,High,Data Sync Error
1350,Bug,High,UI Glitch
3341,Bug,High,UI Glitch
1666,Bug,High,UI Glitch
4932,Bug,High,App Crash
4646,Bug,High,App Crash
1671,Bug,High,App Crash
2313,Bug,High,App Crash
404,Bug,High,Data Sync Error
3005,Bug,High,Data Sync Error
2008,Bug,High,Data Sync Error
6882,Bug,High,UI Glitch
768,Bug,High,App Crash
5158,Bug,High,Data Sync Error
6904,Bug,High,Data Sync Error
2189,Bug,High,Data Sync Error
2023,Bug,High,App Crash
5635,Bug,High,App Crash
928,Bug,High,Data Sync Error
574,Bug,High,Data Sync Error
6290,Bug,High,App Crash
1578,Bug,High,Data Sync Error
6048,Bug,High,UI Glitch
3381,Bug,High,UI Glitch
1850,Bug,High,UI Glitch
6657,Bug,High,App Crash
992,Bug,High,UI Glitch
3926,Bug,High,Data Sync Error
869,Bug,High,UI Glitch
4662,Bug,High,Data Sync Error
2314,Bug,High,UI Glitch
6081,Bug,High,Data Sync Error
4274,Bug,High,UI Glitch
2236,Bug,High,App Crash
2489,Bug,High,Data Sync Error
3176,Bug,High,UI Glitch
431,Bug,High,UI Glitch
4121,Bug,High,UI Glitch
566,Bug,High,App Crash
642,Bug,High,UI Glitch
355,Bug,High,App Crash
5841,Bug,High,Data Sync Error
3665,Bug,High,App Crash
3233,Bug,High,App Crash
6040,Bug,High,UI Glitch
2173,Bug,High,Data Sync Error
1367,Bug,High,App Crash
4028,Bug,High,App Crash
3070,Bug,High,App Crash
2797,Bug,High,UI Glitch
2504,Bug,High,App Crash
2734,Bug,High,App Crash
1603,Bug,High,App Crash
917,Bug,High,Data Sync Error
3873,Payment,High,Refund Request
4252,Payment,High,Invoice Inquiry
6314,Payment,High,Refund Request
3575,Payment,High,Invoice Inquiry
3491,Payment,High,Invoice Inquiry
419,Payment,High,Payment Failed
5163,Payment,High,Payment Failed
6132,Payment,High,Refund Request
12,Payment,High,Payment Failed
3055,Payment,High,Payment Failed
5445,Payment,High,Payment Failed
822,Payment,High,Payment Failed
6370,Payment,High,Refund Request
5757,Payment,High,Payment Failed
1963,Payment,High,Invoice Inquiry
1470,Payment,High,Payment Failed
3423,Payment,High,Refund Request
864,Payment,High,Refund Request
329,Payment,High,Refund Request
4347,Payment,High,Payment Failed
2832,Payment,High,Payment Failed
6701,Payment,High,Refund Request
6962,Payment,High,Payment Failed
5818,Payment,High,Refund Request
5757,Payment,High,Payment Failed
1049,Payment,High,Refund Request
3216,Payment,High,Payment Failed
3997,Payment,High,Invoice Inquiry
3501,Payment,High,Refund Request
5399,Payment,High,Payment Failed
533,Payment,High,Payment Failed
5511,Payment,High,Payment Failed
6994,Payment,High,Refund Request
6564,Payment,High,Payment Failed
2181,Payment,High,Payment Failed
1055,Payment,High,Invoice Inquiry
3061,Payment,High,Refund Request
6174,Payment,High,Payment Failed
987,Payment,High,Payment Failed
856,Payment,High,Invoice Inquiry
1411,Payment,High,Payment Failed
793,Payment,High,Payment Failed
1940,Payment,High,Invoice Inquiry
155,Payment,High,Payment Failed
1424,Payment,High,Payment Failed
5520,Payment,High,Invoice Inquiry
5228,Payment,High,Refund Request
2870,Payment,High,Payment Failed
4733,Payment,High,Refund Request
6859,Payment,High,Refund Request
228,Payment,High,Refund Request
5762,Payment,High,Invoice Inquiry
6888,Payment,High,Payment Failed
2102,Payment,High,Payment Failed
1871,Payment,High,Refund Request
5778,Payment,High,Refund Request
1786,Payment,High,Invoice Inquiry
2144,Payment,High,Invoice Inquiry
1050,Payment,High,Payment Failed
232,Payment,High,Refund Request
485,Payment,High,Payment Failed
6928,Payment,High,Payment Failed
1112,Payment,High,Payment Failed
2298,Payment,High,Refund Request
2316,Payment,High,Invoice Inquiry
4231,Payment,High,Refund Request
5816,Payment,High,Payment Failed
6818,Payment,High,Payment Failed
277,Payment,High,Refund Request
5252,Payment,High,Payment Failed
805,Payment,High,Refund Request
3606,Payment,High,Refund Request
4944,Payment,High,Payment Failed
4734,Payment,High,Refund Request
5037,Payment,High,Payment Failed
2083,Payment,High,Refund Request
1919,Payment,High,Payment Failed
4250,Payment,High,Payment Failed
549,Payment,High,Refund Request
2416,Payment,High,Payment Failed
4940,Payment,High,Refund Request
5577,Payment,High,Payment Failed
6623,Payment,High,Payment Failed
401,Payment,High,Invoice Inquiry
3297,Payment,High,Payment Failed
872,Payment,High,Payment Failed
4381,Payment,High,Refund Request
4937,Payment,High,Invoice Inquiry
5374,Payment,High,Payment Failed
6120,Payment,High,Invoice Inquiry
