Channel_ID,Channel_Name,
1,Live Chat,
2,Social Media,
3,Phone,
4,Social Media,
5,Live Chat,
6,Phone,
7,Email,
8,Live Chat,
9,Email,
10,Live Chat,
11,Live Chat,
12,Phone,
13,Live Chat,
14,Social Media,
15,Email,
16,Live Chat,
17,Social Media,
18,Email,
19,Social Media,
20,Live Chat,
21,Social Media,
22,Email,
23,Email,
24,Email,
25,Live Chat,
26,Phone,
27,Social Media,
28,Email,
29,Email,
30,Phone,
31,Email,
32,Email,
33,Live Chat,
34,Phone,
35,Email,
36,Live Chat,
37,Live Chat,
38,Live Chat,
39,Live Chat,
40,Phone,
41,Phone,
42,Live Chat,
43,Phone,
44,Social Media,
45,Social Media,
46,Live Chat,
47,Email,
48,Email,
49,Social Media,
50,Live Chat,
51,Social Media,
52,Social Media,
53,Email,
54,Social Media,
55,Live Chat,
56,Email,
57,Email,
58,Social Media,
59,Phone,
60,Social Media,
61,Live Chat,
62,Phone,
63,Live Chat,
64,Email,
65,Live Chat,
66,Live Chat,
67,Live Chat,
68,Social Media,
69,Social Media,
70,Live Chat,
71,Social Media,
72,Email,
73,Email,
74,Phone,
75,Social Media,
76,Social Media,
77,Live Chat,
78,Phone,
79,Email,
80,Email,
81,Live Chat,
82,Social Media,
83,Live Chat,
84,Phone,
85,Email,
86,Phone,
87,Email,
88,Email,
89,Phone,
90,Email,
91,Email,
92,Phone,
93,Email,
94,Phone,
95,Live Chat,
96,Social Media,
97,Social Media,
98,Social Media,
99,Email,
100,Phone,
101,Social Media,
102,Email,
103,Email,
104,Phone,
105,Live Chat,
106,Phone,
107,Email,
108,Live Chat,
109,Live Chat,
110,Social Media,
111,Email,
112,Phone,
113,Phone,
114,Social Media,
115,Email,
116,Phone,
117,Phone,
118,Phone,
119,Live Chat,
120,Live Chat,
121,Social Media,
122,Social Media,
123,Phone,
124,Email,
125,Email,
126,Social Media,
127,Email,
128,Email,
129,Phone,
130,Phone,
131,Email,
132,Phone,
133,Email,
134,Email,
135,Live Chat,
136,Email,
137,Live Chat,
138,Social Media,
139,Email,
140,Social Media,
141,Phone,
142,Live Chat,
143,Social Media,
144,Phone,
145,Email,
146,Live Chat,
147,Email,
148,Social Media,
149,Email,
150,Phone,
151,Social Media,
152,Live Chat,
153,Phone,
154,Phone,
155,Live Chat,
156,Phone,
157,Social Media,
158,Email,
159,Live Chat,
160,Live Chat,
161,Social Media,
162,Social Media,
163,Live Chat,
164,Live Chat,
165,Live Chat,
166,Live Chat,
167,Social Media,
168,Email,
169,Live Chat,
170,Phone,
171,Phone,
172,Phone,
173,Social Media,
174,Live Chat,
175,Social Media,
176,Phone,
177,Email,
178,Phone,
179,Live Chat,
180,Email,
181,Email,
182,Email,
183,Phone,
184,Social Media,
185,Phone,
186,Live Chat,
187,Email,
188,Social Media,
189,Social Media,
190,Live Chat,
191,Live Chat,
192,Live Chat,
193,Email,
194,Email,
195,Live Chat,
196,Email,
197,Phone,
198,Social Media,
199,Email,
200,Social Media,
201,Phone,
202,Email,
203,Live Chat,
204,Live Chat,
205,Phone,
206,Phone,
207,Email,
208,Phone,
209,Social Media,
210,Live Chat,
211,Email,
212,Phone,
213,Social Media,
214,Live Chat,
215,Live Chat,
216,Email,
217,Email,
218,Email,
219,Email,
220,Phone,
221,Email,
222,Phone,
223,Social Media,
224,Social Media,
225,Live Chat,
226,Social Media,
227,Social Media,
228,Email,
229,Email,
230,Email,
231,Social Media,
232,Email,
233,Email,
234,Email,
235,Email,
236,Phone,
237,Email,
238,Social Media,
239,Email,
240,Email,
241,Phone,
242,Email,
243,Email,
244,Live Chat,
245,Email,
246,Social Media,
247,Live Chat,
248,Live Chat,
249,Social Media,
250,Social Media,
251,Email,
252,Email,
253,Email,
254,Live Chat,
255,Social Media,
256,Phone,
257,Phone,
258,Email,
259,Social Media,
260,Email,
261,Live Chat,
262,Live Chat,
263,Phone,
264,Social Media,
265,Social Media,
266,Live Chat,
267,Social Media,
268,Phone,
269,Email,
270,Social Media,
271,Social Media,
272,Phone,
273,Phone,
274,Email,
275,Phone,
276,Live Chat,
277,Live Chat,
278,Email,
279,Email,
280,Social Media,
281,Live Chat,
282,Live Chat,
283,Live Chat,
284,Live Chat,
285,Phone,
286,Live Chat,
287,Email,
288,Social Media,
289,Social Media,
290,Email,
291,Live Chat,
292,Phone,
293,Live Chat,
294,Live Chat,
295,Email,
296,Social Media,
297,Social Media,
298,Social Media,
299,Email,
300,Phone,
301,Phone,
302,Social Media,
303,Social Media,
304,Phone,
305,Email,
306,Phone,
307,Live Chat,
308,Live Chat,
309,Email,
310,Social Media,
311,Live Chat,
312,Phone,
313,Live Chat,
314,Phone,
315,Phone,
316,Phone,
317,Live Chat,
318,Email,
319,Phone,
320,Live Chat,
321,Social Media,
322,Email,
323,Live Chat,
324,Email,
325,Live Chat,
326,Phone,
327,Social Media,
328,Live Chat,
329,Email,
330,Social Media,
331,Social Media,
332,Social Media,
333,Phone,
334,Phone,
335,Live Chat,
336,Phone,
337,Social Media,
338,Email,
339,Social Media,
340,Social Media,
341,Phone,
342,Email,
343,Social Media,
344,Email,
345,Email,
346,Social Media,
347,Phone,
348,Phone,
349,Live Chat,
350,Social Media,
351,Social Media,
352,Email,
353,Email,
354,Live Chat,
355,Live Chat,
356,Email,
357,Email,
358,Live Chat,
359,Phone,
360,Live Chat,
361,Email,
362,Social Media,
363,Email,
364,Phone,
365,Email,
366,Email,
367,Live Chat,
368,Phone,
369,Live Chat,
370,Social Media,
371,Social Media,
372,Phone,
373,Social Media,
374,Social Media,
375,Email,
376,Live Chat,
377,Live Chat,
378,Live Chat,
379,Phone,
380,Email,
381,Email,
382,Phone,
383,Live Chat,
384,Email,
385,Email,
386,Live Chat,
387,Social Media,
388,Phone,
389,Email,
390,Live Chat,
391,Social Media,
392,Live Chat,
393,Live Chat,
394,Social Media,
395,Phone,
396,Email,
397,Phone,
398,Phone,
399,Live Chat,
400,Live Chat,
401,Live Chat,
402,Phone,
403,Email,
404,Live Chat,
405,Social Media,
406,Email,
407,Email,
408,Email,
409,Social Media,
410,Social Media,
411,Live Chat,
412,Email,
413,Phone,
414,Phone,
415,Phone,
416,Live Chat,
417,Phone,
418,Email,
419,Live Chat,
420,Live Chat,
421,Social Media,
422,Email,
423,Phone,
424,Email,
425,Email,
426,Live Chat,
427,Phone,
428,Phone,
429,Phone,
430,Social Media,
431,Email,
432,Live Chat,
433,Live Chat,
434,Live Chat,
435,Phone,
436,Phone,
437,Live Chat,
438,Email,
439,Live Chat,
440,Email,
441,Live Chat,
442,Email,
443,Live Chat,
444,Social Media,
445,Social Media,
446,Phone,
447,Phone,
448,Phone,
449,Phone,
450,Live Chat,
451,Social Media,
452,Phone,
453,Email,
454,Email,
455,Phone,
456,Phone,
457,Phone,
458,Live Chat,
459,Email,
460,Email,
461,Email,
462,Social Media,
463,Live Chat,
464,Social Media,
465,Live Chat,
466,Email,
467,Email,
468,Social Media,
469,Email,
470,Phone,
471,Live Chat,
472,Email,
473,Phone,
474,Social Media,
475,Email,
476,Email,
477,Live Chat,
478,Email,
479,Live Chat,
480,Social Media,
481,Live Chat,
482,Social Media,
483,Email,
484,Phone,
485,Social Media,
486,Email,
487,Social Media,
488,Email,
489,Email,
490,Phone,
491,Live Chat,
492,Phone,
493,Social Media,
494,Phone,
495,Email,
496,Email,
497,Phone,
498,Social Media,
499,Live Chat,
500,Live Chat,
501,Email,
502,Live Chat,
503,Live Chat,
504,Social Media,
505,Live Chat,
506,Phone,
507,Social Media,
508,Phone,
509,Email,
510,Social Media,
511,Live Chat,
512,Social Media,
513,Email,
514,Phone,
515,Email,
516,Social Media,
517,Phone,
518,Phone,
519,Social Media,
520,Email,
521,Live Chat,
522,Email,
523,Live Chat,
524,Email,
525,Social Media,
526,Email,
527,Email,
528,Social Media,
529,Social Media,
530,Phone,
531,Email,
532,Social Media,
533,Social Media,
534,Phone,
535,Social Media,
536,Phone,
537,Social Media,
538,Phone,
539,Email,
540,Social Media,
541,Social Media,
542,Email,
543,Email,
544,Email,
545,Phone,
546,Social Media,
547,Social Media,
548,Live Chat,
549,Live Chat,
550,Social Media,
551,Phone,
552,Phone,
553,Live Chat,
554,Live Chat,
555,Live Chat,
556,Live Chat,
557,Live Chat,
558,Email,
559,Social Media,
560,Social Media,
561,Live Chat,
562,Social Media,
563,Social Media,
564,Email,
565,Email,
566,Phone,
567,Phone,
568,Live Chat,
569,Phone,
570,Live Chat,
571,Phone,
572,Social Media,
573,Social Media,
574,Phone,
575,Social Media,
576,Social Media,
577,Live Chat,
578,Social Media,
579,Phone,
580,Social Media,
581,Live Chat,
582,Phone,
583,Live Chat,
584,Social Media,
585,Social Media,
586,Social Media,
587,Email,
588,Live Chat,
589,Phone,
590,Social Media,
591,Email,
592,Email,
593,Live Chat,
594,Social Media,
595,Live Chat,
596,Social Media,
597,Social Media,
598,Social Media,
599,Email,
600,Live Chat,
601,Live Chat,
602,Live Chat,
603,Phone,
604,Phone,
605,Email,
606,Email,
607,Email,
608,Live Chat,
609,Live Chat,
610,Social Media,
611,Live Chat,
612,Email,
613,Email,
614,Social Media,
615,Phone,
616,Live Chat,
617,Live Chat,
618,Phone,
619,Email,
620,Email,
621,Email,
622,Live Chat,
623,Phone,
624,Phone,
625,Email,
626,Live Chat,
627,Phone,
628,Live Chat,
629,Social Media,
630,Email,
631,Email,
632,Social Media,
633,Phone,
634,Email,
635,Phone,
636,Email,
637,Social Media,
638,Social Media,
639,Phone,
640,Email,
641,Email,
642,Live Chat,
643,Live Chat,
644,Email,
645,Phone,
646,Social Media,
647,Email,
648,Live Chat,
649,Social Media,
650,Phone,
651,Email,
652,Email,
653,Social Media,
654,Social Media,
655,Live Chat,
656,Phone,
657,Social Media,
658,Phone,
659,Phone,
660,Email,
661,Social Media,
662,Social Media,
663,Live Chat,
664,Email,
665,Social Media,
666,Social Media,
667,Live Chat,
668,Live Chat,
669,Phone,
670,Email,
671,Phone,
672,Live Chat,
673,Social Media,
674,Social Media,
675,Live Chat,
676,Phone,
677,Phone,
678,Live Chat,
679,Social Media,
680,Email,
681,Phone,
682,Email,
683,Social Media,
684,Live Chat,
685,Phone,
686,Phone,
687,Social Media,
688,Live Chat,
689,Phone,
690,Social Media,
691,Phone,
692,Email,
693,Phone,
694,Social Media,
695,Email,
696,Phone,
697,Phone,
698,Live Chat,
699,Live Chat,
700,Phone,
701,Email,
702,Live Chat,
703,Live Chat,
704,Live Chat,
705,Social Media,
706,Phone,
707,Email,
708,Email,
709,Phone,
710,Live Chat,
711,Email,
712,Social Media,
713,Social Media,
714,Email,
715,Social Media,
716,Phone,
717,Social Media,
718,Social Media,
719,Email,
720,Social Media,
721,Email,
722,Live Chat,
723,Live Chat,
724,Social Media,
725,Live Chat,
726,Email,
727,Live Chat,
728,Phone,
729,Live Chat,
730,Live Chat,
731,Email,
732,Live Chat,
733,Social Media,
734,Phone,
735,Live Chat,
736,Live Chat,
737,Social Media,
738,Phone,
739,Phone,
740,Live Chat,
741,Email,
742,Phone,
743,Phone,
744,Email,
745,Phone,
746,Phone,
747,Email,
748,Live Chat,
749,Email,
750,Social Media,
751,Social Media,
752,Live Chat,
753,Social Media,
754,Social Media,
755,Phone,
756,Phone,
757,Live Chat,
758,Social Media,
759,Social Media,
760,Email,
761,Phone,
762,Email,
763,Social Media,
764,Live Chat,
765,Social Media,
766,Live Chat,
767,Live Chat,
768,Email,
769,Social Media,
770,Email,
771,Social Media,
772,Live Chat,
773,Phone,
774,Social Media,
775,Live Chat,
776,Phone,
777,Social Media,
778,Phone,
779,Social Media,
780,Social Media,
781,Phone,
782,Email,
783,Phone,
784,Phone,
785,Live Chat,
786,Phone,
787,Social Media,
788,Social Media,
789,Phone,
790,Live Chat,
791,Social Media,
792,Email,
793,Phone,
794,Email,
795,Live Chat,
796,Email,
797,Phone,
798,Email,
799,Social Media,
800,Email,
801,Live Chat,
802,Live Chat,
803,Live Chat,
804,Social Media,
805,Live Chat,
806,Social Media,
807,Live Chat,
808,Live Chat,
809,Live Chat,
810,Social Media,
811,Live Chat,
812,Social Media,
813,Social Media,
814,Social Media,
815,Email,
816,Live Chat,
817,Social Media,
818,Email,
819,Phone,
820,Social Media,
821,Social Media,
822,Live Chat,
823,Social Media,
824,Phone,
825,Social Media,
826,Social Media,
827,Live Chat,
828,Social Media,
829,Phone,
830,Email,
831,Live Chat,
832,Email,
833,Phone,
834,Social Media,
835,Email,
836,Live Chat,
837,Email,
838,Social Media,
839,Email,
840,Phone,
841,Social Media,
842,Social Media,
843,Social Media,
844,Phone,
845,Live Chat,
846,Phone,
847,Social Media,
848,Social Media,
849,Email,
850,Phone,
851,Live Chat,
852,Social Media,
853,Phone,
854,Social Media,
855,Live Chat,
856,Live Chat,
857,Email,
858,Email,
859,Email,
860,Live Chat,
861,Phone,
862,Phone,
863,Live Chat,
864,Live Chat,
865,Phone,
866,Social Media,
867,Phone,
868,Live Chat,
869,Phone,
870,Phone,
871,Live Chat,
872,Social Media,
873,Live Chat,
874,Email,
875,Email,
876,Phone,
877,Live Chat,
878,Social Media,
879,Phone,
880,Live Chat,
881,Phone,
882,Phone,
883,Live Chat,
884,Social Media,
885,Social Media,
886,Email,
887,Social Media,
888,Email,
889,Live Chat,
890,Phone,
891,Phone,
892,Social Media,
893,Phone,
894,Live Chat,
895,Social Media,
896,Social Media,
897,Email,
898,Live Chat,
899,Email,
900,Social Media,
901,Email,
902,Live Chat,
903,Email,
904,Social Media,
905,Email,
906,Social Media,
907,Social Media,
908,Email,
909,Phone,
910,Live Chat,
911,Social Media,
912,Phone,
913,Live Chat,
914,Phone,
915,Email,
916,Social Media,
917,Phone,
918,Phone,
919,Live Chat,
920,Live Chat,
921,Social Media,
922,Phone,
923,Social Media,
924,Live Chat,
925,Social Media,
926,Email,
927,Social Media,
928,Email,
929,Social Media,
930,Social Media,
931,Email,
932,Live Chat,
933,Social Media,
934,Live Chat,
935,Phone,
936,Live Chat,
937,Phone,
938,Live Chat,
939,Live Chat,
940,Phone,
941,Email,
942,Live Chat,
943,Phone,
944,Live Chat,
945,Live Chat,
946,Live Chat,
947,Live Chat,
948,Social Media,
949,Live Chat,
950,Phone,
951,Live Chat,
952,Phone,
953,Phone,
954,Email,
955,Phone,
956,Phone,
957,Email,
958,Live Chat,
959,Social Media,
960,Email,
961,Social Media,
962,Live Chat,
963,Live Chat,
964,Social Media,
965,Social Media,
966,Phone,
967,Live Chat,
968,Email,
969,Email,
970,Live Chat,
971,Social Media,
972,Social Media,
973,Email,
974,Social Media,
975,Email,
976,Phone,
977,Phone,
978,Phone,
979,Live Chat,
980,Social Media,
981,Phone,
982,Email,
983,Phone,
984,Social Media,
985,Email,
986,Phone,
987,Social Media,
988,Email,
989,Phone,
990,Phone,
991,Social Media,
992,Phone,
993,Social Media,
994,Phone,
995,Email,
996,Phone,
997,Live Chat,
998,Phone,
999,Social Media,
1000,Phone,
1001,Live Chat,
1002,Email,
1003,Live Chat,
1004,Email,
1005,Live Chat,
1006,Live Chat,
1007,Live Chat,
1008,Email,
1009,Phone,
1010,Social Media,
1011,Phone,
1012,Live Chat,
1013,Email,
1014,Email,
1015,Phone,
1016,Email,
1017,Email,
1018,Live Chat,
1019,Email,
1020,Email,
1021,Live Chat,
1022,Phone,
1023,Social Media,
1024,Social Media,
1025,Social Media,
1026,Phone,
1027,Email,
1028,Live Chat,
1029,Phone,
1030,Social Media,
1031,Email,
1032,Social Media,
1033,Social Media,
1034,Social Media,
1035,Phone,
1036,Email,
1037,Social Media,
1038,Phone,
1039,Live Chat,
1040,Live Chat,
1041,Phone,
1042,Live Chat,
1043,Social Media,
1044,Phone,
1045,Phone,
1046,Live Chat,
1047,Email,
1048,Live Chat,
1049,Social Media,
1050,Email,
1051,Email,
1052,Social Media,
1053,Email,
1054,Phone,
1055,Email,
1056,Email,
1057,Live Chat,
1058,Phone,
1059,Social Media,
1060,Phone,
1061,Email,
1062,Live Chat,
1063,Social Media,
1064,Social Media,
1065,Email,
1066,Phone,
1067,Live Chat,
1068,Phone,
1069,Phone,
1070,Social Media,
1071,Phone,
1072,Phone,
1073,Social Media,
1074,Social Media,
1075,Phone,
1076,Social Media,
1077,Live Chat,
1078,Live Chat,
1079,Phone,
1080,Email,
1081,Social Media,
1082,Email,
1083,Social Media,
1084,Social Media,
1085,Phone,
1086,Live Chat,
1087,Email,
1088,Live Chat,
1089,Live Chat,
1090,Email,
1091,Social Media,
1092,Email,
1093,Live Chat,
1094,Email,
1095,Phone,
1096,Social Media,
1097,Social Media,
1098,Email,
1099,Social Media,
1100,Social Media,
1101,Live Chat,
1102,Live Chat,
1103,Social Media,
1104,Social Media,
1105,Live Chat,
1106,Social Media,
1107,Social Media,
1108,Live Chat,
1109,Live Chat,
1110,Live Chat,
1111,Phone,
1112,Live Chat,
1113,Social Media,
1114,Live Chat,
1115,Phone,
1116,Live Chat,
1117,Live Chat,
1118,Phone,
1119,Email,
1120,Email,
1121,Live Chat,
1122,Email,
1123,Email,
1124,Social Media,
1125,Social Media,
1126,Social Media,
1127,Phone,
1128,Email,
1129,Live Chat,
1130,Phone,
1131,Email,
1132,Live Chat,
1133,Phone,
1134,Social Media,
1135,Live Chat,
1136,Social Media,
1137,Email,
1138,Live Chat,
1139,Social Media,
1140,Social Media,
1141,Email,
1142,Email,
1143,Email,
1144,Email,
1145,Email,
1146,Phone,
1147,Social Media,
1148,Email,
1149,Social Media,
1150,Phone,
1151,Live Chat,
1152,Social Media,
1153,Social Media,
1154,Social Media,
1155,Live Chat,
1156,Phone,
1157,Social Media,
1158,Phone,
1159,Social Media,
1160,Social Media,
1161,Social Media,
1162,Live Chat,
1163,Phone,
1164,Phone,
1165,Email,
1166,Social Media,
1167,Live Chat,
1168,Social Media,
1169,Phone,
1170,Phone,
1171,Social Media,
1172,Phone,
1173,Social Media,
1174,Social Media,
1175,Email,
1176,Live Chat,
1177,Live Chat,
1178,Phone,
1179,Phone,
1180,Email,
1181,Phone,
1182,Phone,
1183,Social Media,
1184,Email,
1185,Social Media,
1186,Social Media,
1187,Phone,
1188,Social Media,
1189,Live Chat,
1190,Live Chat,
1191,Live Chat,
1192,Email,
1193,Email,
1194,Live Chat,
1195,Live Chat,
1196,Social Media,
1197,Email,
1198,Phone,
1199,Phone,
1200,Email,
1201,Social Media,
1202,Live Chat,
1203,Social Media,
1204,Social Media,
1205,Email,
1206,Live Chat,
1207,Email,
1208,Email,
1209,Social Media,
1210,Email,
1211,Email,
1212,Email,
1213,Email,
1214,Social Media,
1215,Live Chat,
1216,Live Chat,
1217,Social Media,
1218,Phone,
1219,Email,
1220,Social Media,
1221,Phone,
1222,Phone,
1223,Email,
1224,Social Media,
1225,Email,
1226,Phone,
1227,Phone,
1228,Email,
1229,Email,
1230,Email,
1231,Live Chat,
1232,Social Media,
1233,Social Media,
1234,Social Media,
1235,Phone,
1236,Social Media,
1237,Social Media,
1238,Phone,
1239,Phone,
1240,Live Chat,
1241,Phone,
1242,Email,
1243,Live Chat,
1244,Phone,
1245,Social Media,
1246,Live Chat,
1247,Live Chat,
1248,Social Media,
1249,Social Media,
1250,Social Media,
1251,Email,
1252,Live Chat,
1253,Email,
1254,Email,
1255,Social Media,
1256,Phone,
1257,Email,
1258,Phone,
1259,Phone,
1260,Social Media,
1261,Phone,
1262,Email,
1263,Phone,
1264,Email,
1265,Social Media,
1266,Email,
1267,Phone,
1268,Email,
1269,Phone,
1270,Phone,
1271,Social Media,
1272,Phone,
1273,Live Chat,
1274,Email,
1275,Live Chat,
1276,Live Chat,
1277,Email,
1278,Social Media,
1279,Email,
1280,Social Media,
1281,Phone,
1282,Live Chat,
1283,Email,
1284,Phone,
1285,Email,
1286,Email,
1287,Phone,
1288,Email,
1289,Phone,
1290,Live Chat,
1291,Phone,
1292,Email,
1293,Live Chat,
1294,Live Chat,
1295,Phone,
1296,Social Media,
1297,Phone,
1298,Social Media,
1299,Phone,
1300,Live Chat,
1301,Phone,
1302,Social Media,
1303,Email,
1304,Social Media,
1305,Live Chat,
1306,Phone,
1307,Live Chat,
1308,Email,
1309,Email,
1310,Email,
1311,Phone,
1312,Social Media,
1313,Phone,
1314,Live Chat,
1315,Phone,
1316,Live Chat,
1317,Phone,
1318,Social Media,
1319,Email,
1320,Phone,
1321,Social Media,
1322,Phone,
1323,Phone,
1324,Email,
1325,Live Chat,
1326,Social Media,
1327,Phone,
1328,Email,
1329,Phone,
1330,Phone,
1331,Email,
1332,Phone,
1333,Phone,
1334,Social Media,
1335,Social Media,
1336,Social Media,
1337,Phone,
1338,Phone,
1339,Social Media,
1340,Phone,
1341,Email,
1342,Email,
1343,Phone,
1344,Phone,
1345,Live Chat,
1346,Email,
1347,Phone,
1348,Live Chat,
1349,Email,
1350,Live Chat,
1351,Social Media,
1352,Live Chat,
1353,Social Media,
1354,Phone,
1355,Phone,
1356,Email,
1357,Live Chat,
1358,Live Chat,
1359,Phone,
1360,Email,
1361,Phone,
1362,Email,
1363,Live Chat,
1364,Social Media,
1365,Email,
1366,Live Chat,
1367,Email,
1368,Social Media,
1369,Social Media,
1370,Phone,
1371,Social Media,
1372,Social Media,
1373,Phone,
1374,Social Media,
1375,Phone,
1376,Email,
1377,Live Chat,
1378,Phone,
1379,Email,
1380,Social Media,
1381,Email,
1382,Phone,
1383,Phone,
1384,Phone,
1385,Phone,
1386,Email,
1387,Live Chat,
1388,Live Chat,
1389,Email,
1390,Live Chat,
1391,Social Media,
1392,Email,
1393,Email,
1394,Email,
1395,Live Chat,
1396,Email,
1397,Email,
1398,Phone,
1399,Phone,
1400,Live Chat,
1401,Phone,
1402,Social Media,
1403,Phone,
1404,Phone,
1405,Email,
1406,Social Media,
1407,Social Media,
1408,Phone,
1409,Live Chat,
1410,Email,
1411,Live Chat,
1412,Live Chat,
1413,Live Chat,
1414,Social Media,
1415,Live Chat,
1416,Live Chat,
1417,Social Media,
1418,Phone,
1419,Social Media,
1420,Social Media,
1421,Phone,
1422,Live Chat,
1423,Live Chat,
1424,Phone,
1425,Live Chat,
1426,Phone,
1427,Social Media,
1428,Live Chat,
1429,Live Chat,
1430,Email,
1431,Live Chat,
1432,Email,
1433,Live Chat,
1434,Email,
1435,Phone,
1436,Live Chat,
1437,Phone,
1438,Email,
1439,Email,
1440,Email,
1441,Email,
1442,Social Media,
1443,Phone,
1444,Email,
1445,Live Chat,
1446,Email,
1447,Phone,
1448,Social Media,
1449,Phone,
1450,Live Chat,
1451,Social Media,
1452,Phone,
1453,Email,
1454,Live Chat,
1455,Live Chat,
1456,Social Media,
1457,Phone,
1458,Live Chat,
1459,Social Media,
1460,Email,
1461,Email,
1462,Social Media,
1463,Phone,
1464,Email,
1465,Email,
1466,Social Media,
1467,Phone,
1468,Email,
1469,Phone,
1470,Social Media,
1471,Phone,
1472,Phone,
1473,Live Chat,
1474,Email,
1475,Email,
1476,Email,
1477,Phone,
1478,Social Media,
1479,Phone,
1480,Email,
1481,Email,
1482,Email,
1483,Email,
1484,Social Media,
1485,Live Chat,
1486,Phone,
1487,Social Media,
1488,Live Chat,
1489,Email,
1490,Social Media,
1491,Social Media,
1492,Social Media,
1493,Phone,
1494,Live Chat,
1495,Live Chat,
1496,Phone,
1497,Live Chat,
1498,Email,
1499,Social Media,
1500,Live Chat,
1501,Live Chat,
1502,Social Media,
1503,Email,
1504,Email,
1505,Live Chat,
1506,Email,
1507,Phone,
1508,Social Media,
1509,Social Media,
1510,Phone,
1511,Email,
1512,Email,
1513,Social Media,
1514,Phone,
1515,Phone,
1516,Social Media,
1517,Live Chat,
1518,Social Media,
1519,Live Chat,
1520,Live Chat,
1521,Live Chat,
1522,Social Media,
1523,Phone,
1524,Phone,
1525,Phone,
1526,Social Media,
1527,Social Media,
1528,Email,
1529,Social Media,
1530,Phone,
1531,Email,
1532,Social Media,
1533,Social Media,
1534,Social Media,
1535,Email,
1536,Email,
1537,Live Chat,
1538,Email,
1539,Phone,
1540,Phone,
1541,Social Media,
1542,Phone,
1543,Phone,
1544,Phone,
1545,Phone,
1546,Email,
1547,Phone,
1548,Social Media,
1549,Email,
1550,Live Chat,
1551,Phone,
1552,Live Chat,
1553,Live Chat,
1554,Social Media,
1555,Live Chat,
1556,Phone,
1557,Social Media,
1558,Social Media,
1559,Email,
1560,Social Media,
1561,Live Chat,
1562,Phone,
1563,Email,
1564,Live Chat,
1565,Social Media,
1566,Phone,
1567,Social Media,
1568,Email,
1569,Email,
1570,Phone,
1571,Live Chat,
1572,Phone,
1573,Live Chat,
1574,Phone,
1575,Email,
1576,Email,
1577,Social Media,
1578,Email,
1579,Social Media,
1580,Email,
1581,Email,
1582,Social Media,
1583,Phone,
1584,Phone,
1585,Phone,
1586,Live Chat,
1587,Live Chat,
1588,Email,
1589,Email,
1590,Email,
1591,Social Media,
1592,Live Chat,
1593,Live Chat,
1594,Phone,
1595,Live Chat,
1596,Social Media,
1597,Social Media,
1598,Social Media,
1599,Social Media,
1600,Email,
1601,Social Media,
1602,Phone,
1603,Social Media,
1604,Live Chat,
1605,Social Media,
1606,Phone,
1607,Live Chat,
1608,Live Chat,
1609,Live Chat,
1610,Email,
1611,Live Chat,
1612,Email,
1613,Social Media,
1614,Phone,
1615,Live Chat,
1616,Social Media,
1617,Email,
1618,Email,
1619,Phone,
1620,Social Media,
1621,Phone,
1622,Phone,
1623,Live Chat,
1624,Live Chat,
1625,Phone,
1626,Live Chat,
1627,Social Media,
1628,Email,
1629,Email,
1630,Live Chat,
1631,Social Media,
1632,Live Chat,
1633,Social Media,
1634,Email,
1635,Social Media,
1636,Email,
1637,Live Chat,
1638,Social Media,
1639,Live Chat,
1640,Phone,
1641,Phone,
1642,Live Chat,
1643,Email,
1644,Social Media,
1645,Live Chat,
1646,Email,
1647,Social Media,
1648,Live Chat,
1649,Live Chat,
1650,Email,
1651,Social Media,
1652,Social Media,
1653,Email,
1654,Live Chat,
1655,Email,
1656,Email,
1657,Live Chat,
1658,Social Media,
1659,Phone,
1660,Phone,
1661,Email,
1662,Social Media,
1663,Live Chat,
1664,Social Media,
1665,Email,
1666,Social Media,
1667,Social Media,
1668,Live Chat,
1669,Phone,
1670,Social Media,
1671,Social Media,
1672,Phone,
1673,Social Media,
1674,Social Media,
1675,Social Media,
1676,Phone,
1677,Email,
1678,Phone,
1679,Phone,
1680,Email,
1681,Live Chat,
1682,Phone,
1683,Social Media,
1684,Live Chat,
1685,Live Chat,
1686,Email,
1687,Live Chat,
1688,Social Media,
1689,Live Chat,
1690,Social Media,
1691,Email,
1692,Live Chat,
1693,Phone,
1694,Email,
1695,Email,
1696,Social Media,
1697,Email,
1698,Phone,
1699,Live Chat,
1700,Live Chat,
1701,Live Chat,
1702,Social Media,
1703,Phone,
1704,Social Media,
1705,Live Chat,
1706,Live Chat,
1707,Phone,
1708,Social Media,
1709,Phone,
1710,Live Chat,
1711,Phone,
1712,Phone,
1713,Social Media,
1714,Social Media,
1715,Phone,
1716,Email,
1717,Email,
1718,Social Media,
1719,Live Chat,
1720,Live Chat,
1721,Social Media,
1722,Social Media,
1723,Phone,
1724,Live Chat,
1725,Email,
1726,Social Media,
1727,Social Media,
1728,Live Chat,
1729,Live Chat,
1730,Email,
1731,Social Media,
1732,Email,
1733,Phone,
1734,Phone,
1735,Social Media,
1736,Phone,
1737,Live Chat,
1738,Live Chat,
1739,Live Chat,
1740,Email,
1741,Live Chat,
1742,Email,
1743,Social Media,
1744,Social Media,
1745,Live Chat,
1746,Live Chat,
1747,Social Media,
1748,Email,
1749,Email,
1750,Email,
1751,Phone,
1752,Phone,
1753,Live Chat,
1754,Live Chat,
1755,Social Media,
1756,Live Chat,
1757,Social Media,
1758,Phone,
1759,Live Chat,
1760,Email,
1761,Social Media,
1762,Email,
1763,Phone,
1764,Email,
1765,Email,
1766,Live Chat,
1767,Email,
1768,Email,
1769,Phone,
1770,Email,
1771,Social Media,
1772,Email,
1773,Social Media,
1774,Live Chat,
1775,Social Media,
1776,Social Media,
1777,Live Chat,
1778,Live Chat,
1779,Phone,
1780,Social Media,
1781,Live Chat,
1782,Email,
1783,Phone,
1784,Email,
1785,Email,
1786,Live Chat,
1787,Phone,
1788,Phone,
1789,Live Chat,
1790,Social Media,
1791,Phone,
1792,Email,
1793,Social Media,
1794,Phone,
1795,Email,
1796,Phone,
1797,Phone,
1798,Live Chat,
1799,Live Chat,
1800,Social Media,
1801,Phone,
1802,Social Media,
1803,Email,
1804,Live Chat,
1805,Live Chat,
1806,Social Media,
1807,Social Media,
1808,Live Chat,
1809,Social Media,
1810,Phone,
1811,Email,
1812,Social Media,
1813,Email,
1814,Phone,
1815,Email,
1816,Live Chat,
1817,Email,
1818,Social Media,
1819,Social Media,
1820,Live Chat,
1821,Live Chat,
1822,Phone,
1823,Live Chat,
1824,Email,
1825,Email,
1826,Email,
1827,Email,
1828,Email,
1829,Live Chat,
1830,Phone,
1831,Phone,
1832,Social Media,
1833,Email,
1834,Live Chat,
1835,Social Media,
1836,Phone,
1837,Email,
1838,Live Chat,
1839,Phone,
1840,Live Chat,
1841,Email,
1842,Live Chat,
1843,Phone,
1844,Phone,
1845,Social Media,
1846,Live Chat,
1847,Social Media,
1848,Phone,
1849,Social Media,
1850,Social Media,
1851,Live Chat,
1852,Live Chat,
1853,Social Media,
1854,Email,
1855,Email,
1856,Live Chat,
1857,Phone,
1858,Email,
1859,Phone,
1860,Live Chat,
1861,Phone,
1862,Social Media,
1863,Phone,
1864,Live Chat,
1865,Email,
1866,Social Media,
1867,Email,
1868,Phone,
1869,Live Chat,
1870,Live Chat,
1871,Email,
1872,Social Media,
1873,Live Chat,
1874,Live Chat,
1875,Phone,
1876,Social Media,
1877,Social Media,
1878,Phone,
1879,Email,
1880,Email,
1881,Phone,
1882,Live Chat,
1883,Live Chat,
1884,Phone,
1885,Phone,
1886,Phone,
1887,Phone,
1888,Live Chat,
1889,Social Media,
1890,Live Chat,
1891,Email,
1892,Phone,
1893,Email,
1894,Live Chat,
1895,Email,
1896,Live Chat,
1897,Live Chat,
1898,Email,
1899,Email,
1900,Social Media,
1901,Phone,
1902,Social Media,
1903,Social Media,
1904,Live Chat,
1905,Phone,
1906,Phone,
1907,Live Chat,
1908,Email,
1909,Phone,
1910,Phone,
1911,Social Media,
1912,Live Chat,
1913,Social Media,
1914,Email,
1915,Social Media,
1916,Email,
1917,Phone,
1918,Live Chat,
1919,Social Media,
1920,Social Media,
1921,Phone,
1922,Email,
1923,Phone,
1924,Live Chat,
1925,Social Media,
1926,Phone,
1927,Email,
1928,Social Media,
1929,Live Chat,
1930,Social Media,
1931,Live Chat,
1932,Live Chat,
1933,Live Chat,
1934,Social Media,
1935,Live Chat,
1936,Social Media,
1937,Phone,
1938,Live Chat,
1939,Email,
1940,Social Media,
1941,Live Chat,
1942,Email,
1943,Social Media,
1944,Email,
1945,Email,
1946,Email,
1947,Email,
1948,Phone,
1949,Email,
1950,Email,
1951,Email,
1952,Phone,
1953,Social Media,
1954,Live Chat,
1955,Email,
1956,Phone,
1957,Phone,
1958,Phone,
1959,Live Chat,
1960,Phone,
1961,Email,
1962,Email,
1963,Email,
1964,Live Chat,
1965,Phone,
1966,Email,
1967,Email,
1968,Social Media,
1969,Social Media,
1970,Social Media,
1971,Email,
1972,Live Chat,
1973,Email,
1974,Phone,
1975,Social Media,
1976,Phone,
1977,Social Media,
1978,Live Chat,
1979,Live Chat,
1980,Live Chat,
1981,Phone,
1982,Live Chat,
1983,Live Chat,
1984,Social Media,
1985,Phone,
1986,Email,
1987,Live Chat,
1988,Email,
1989,Email,
1990,Email,
1991,Email,
1992,Live Chat,
1993,Live Chat,
1994,Live Chat,
1995,Phone,
1996,Phone,
1997,Email,
1998,Social Media,
1999,Phone,
2000,Email,
2001,Email,
2002,Live Chat,
2003,Live Chat,
2004,Phone,
2005,Live Chat,
2006,Phone,
2007,Live Chat,
2008,Social Media,
2009,Live Chat,
2010,Phone,
2011,Email,
2012,Phone,
2013,Live Chat,
2014,Email,
2015,Live Chat,
2016,Live Chat,
2017,Live Chat,
2018,Email,
2019,Live Chat,
2020,Social Media,
2021,Phone,
2022,Social Media,
2023,Social Media,
2024,Phone,
2025,Phone,
2026,Email,
2027,Social Media,
2028,Social Media,
2029,Phone,
2030,Live Chat,
2031,Social Media,
2032,Email,
2033,Live Chat,
2034,Social Media,
2035,Live Chat,
2036,Social Media,
2037,Live Chat,
2038,Social Media,
2039,Phone,
2040,Phone,
2041,Email,
2042,Social Media,
2043,Email,
2044,Phone,
2045,Social Media,
2046,Phone,
2047,Live Chat,
2048,Phone,
2049,Live Chat,
2050,Phone,
2051,Live Chat,
2052,Phone,
2053,Phone,
2054,Social Media,
2055,Social Media,
2056,Social Media,
2057,Email,
2058,Email,
2059,Live Chat,
2060,Email,
2061,Email,
2062,Phone,
2063,Live Chat,
2064,Email,
2065,Social Media,
2066,Social Media,
2067,Email,
2068,Phone,
2069,Social Media,
2070,Social Media,
2071,Phone,
2072,Social Media,
2073,Phone,
2074,Live Chat,
2075,Phone,
2076,Live Chat,
2077,Phone,
2078,Email,
2079,Social Media,
2080,Live Chat,
2081,Social Media,
2082,Phone,
2083,Phone,
2084,Social Media,
2085,Email,
2086,Email,
2087,Social Media,
2088,Email,
2089,Phone,
2090,Social Media,
2091,Social Media,
2092,Social Media,
2093,Social Media,
2094,Email,
2095,Email,
2096,Live Chat,
2097,Live Chat,
2098,Live Chat,
2099,Phone,
2100,Live Chat,
2101,Social Media,
2102,Phone,
2103,Email,
2104,Phone,
2105,Phone,
2106,Social Media,
2107,Email,
2108,Live Chat,
2109,Live Chat,
2110,Live Chat,
2111,Email,
2112,Phone,
2113,Social Media,
2114,Email,
2115,Social Media,
2116,Email,
2117,Email,
2118,Email,
2119,Phone,
2120,Social Media,
2121,Live Chat,
2122,Social Media,
2123,Live Chat,
2124,Social Media,
2125,Email,
2126,Phone,
2127,Email,
2128,Phone,
2129,Email,
2130,Live Chat,
2131,Live Chat,
2132,Email,
2133,Social Media,
2134,Live Chat,
2135,Email,
2136,Phone,
2137,Phone,
2138,Phone,
2139,Phone,
2140,Social Media,
2141,Social Media,
2142,Social Media,
2143,Email,
2144,Live Chat,
2145,Phone,
2146,Live Chat,
2147,Email,
2148,Live Chat,
2149,Live Chat,
2150,Live Chat,
2151,Social Media,
2152,Email,
2153,Email,
2154,Email,
2155,Live Chat,
2156,Social Media,
2157,Phone,
2158,Social Media,
2159,Phone,
2160,Live Chat,
2161,Social Media,
2162,Social Media,
2163,Phone,
2164,Phone,
2165,Live Chat,
2166,Social Media,
2167,Social Media,
2168,Social Media,
2169,Email,
2170,Phone,
2171,Social Media,
2172,Email,
2173,Social Media,
2174,Phone,
2175,Social Media,
2176,Social Media,
2177,Live Chat,
2178,Live Chat,
2179,Social Media,
2180,Email,
2181,Email,
2182,Email,
2183,Social Media,
2184,Email,
2185,Live Chat,
2186,Social Media,
2187,Live Chat,
2188,Live Chat,
2189,Email,
2190,Live Chat,
2191,Live Chat,
2192,Phone,
2193,Phone,
2194,Phone,
2195,Email,
2196,Email,
2197,Live Chat,
2198,Live Chat,
2199,Email,
2200,Social Media,
2201,Social Media,
2202,Social Media,
2203,Phone,
2204,Live Chat,
2205,Social Media,
2206,Phone,
2207,Live Chat,
2208,Social Media,
2209,Social Media,
2210,Phone,
2211,Social Media,
2212,Live Chat,
2213,Social Media,
2214,Phone,
2215,Social Media,
2216,Phone,
2217,Email,
2218,Social Media,
2219,Live Chat,
2220,Social Media,
2221,Phone,
2222,Email,
2223,Live Chat,
2224,Social Media,
2225,Email,
2226,Phone,
2227,Live Chat,
2228,Phone,
2229,Social Media,
2230,Phone,
2231,Email,
2232,Phone,
2233,Live Chat,
2234,Email,
2235,Social Media,
2236,Phone,
2237,Phone,
2238,Social Media,
2239,Social Media,
2240,Phone,
2241,Social Media,
2242,Email,
2243,Live Chat,
2244,Email,
2245,Phone,
2246,Email,
2247,Phone,
2248,Email,
2249,Phone,
2250,Social Media,
2251,Email,
2252,Phone,
2253,Social Media,
2254,Phone,
2255,Email,
2256,Email,
2257,Phone,
2258,Social Media,
2259,Live Chat,
2260,Phone,
2261,Phone,
2262,Live Chat,
2263,Phone,
2264,Email,
2265,Email,
2266,Social Media,
2267,Live Chat,
2268,Phone,
2269,Email,
2270,Phone,
2271,Live Chat,
2272,Email,
2273,Live Chat,
2274,Phone,
2275,Social Media,
2276,Phone,
2277,Phone,
2278,Live Chat,
2279,Email,
2280,Live Chat,
2281,Email,
2282,Phone,
2283,Phone,
2284,Social Media,
2285,Social Media,
2286,Live Chat,
2287,Email,
2288,Social Media,
2289,Social Media,
2290,Phone,
2291,Phone,
2292,Live Chat,
2293,Live Chat,
2294,Email,
2295,Social Media,
2296,Phone,
2297,Email,
2298,Social Media,
2299,Email,
2300,Email,
2301,Live Chat,
2302,Social Media,
2303,Email,
2304,Email,
2305,Email,
2306,Live Chat,
2307,Live Chat,
2308,Phone,
2309,Live Chat,
2310,Live Chat,
2311,Social Media,
2312,Social Media,
2313,Email,
2314,Phone,
2315,Live Chat,
2316,Social Media,
2317,Phone,
2318,Social Media,
2319,Email,
2320,Live Chat,
2321,Email,
2322,Email,
2323,Social Media,
2324,Phone,
2325,Live Chat,
2326,Phone,
2327,Email,
2328,Live Chat,
2329,Email,
2330,Social Media,
2331,Phone,
2332,Phone,
2333,Email,
2334,Phone,
2335,Phone,
2336,Email,
2337,Live Chat,
2338,Social Media,
2339,Live Chat,
2340,Live Chat,
2341,Social Media,
2342,Email,
2343,Email,
2344,Social Media,
2345,Phone,
2346,Live Chat,
2347,Phone,
2348,Email,
2349,Live Chat,
2350,Email,
2351,Social Media,
2352,Social Media,
2353,Phone,
2354,Phone,
2355,Email,
2356,Email,
2357,Social Media,
2358,Live Chat,
2359,Social Media,
2360,Email,
2361,Social Media,
2362,Phone,
2363,Phone,
2364,Email,
2365,Social Media,
2366,Email,
2367,Live Chat,
2368,Phone,
2369,Social Media,
2370,Phone,
2371,Social Media,
2372,Phone,
2373,Email,
2374,Phone,
2375,Social Media,
2376,Email,
2377,Social Media,
2378,Live Chat,
2379,Social Media,
2380,Social Media,
2381,Email,
2382,Social Media,
2383,Live Chat,
2384,Live Chat,
2385,Email,
2386,Live Chat,
2387,Email,
2388,Phone,
2389,Social Media,
2390,Social Media,
2391,Social Media,
2392,Social Media,
2393,Email,
2394,Social Media,
2395,Live Chat,
2396,Live Chat,
2397,Phone,
2398,Email,
2399,Phone,
2400,Social Media,
2401,Live Chat,
2402,Email,
2403,Live Chat,
2404,Email,
2405,Phone,
2406,Social Media,
2407,Phone,
2408,Social Media,
2409,Live Chat,
2410,Phone,
2411,Phone,
2412,Live Chat,
2413,Live Chat,
2414,Live Chat,
2415,Email,
2416,Live Chat,
2417,Email,
2418,Live Chat,
2419,Email,
2420,Live Chat,
2421,Email,
2422,Social Media,
2423,Social Media,
2424,Phone,
2425,Live Chat,
2426,Live Chat,
2427,Email,
2428,Phone,
2429,Social Media,
2430,Phone,
2431,Email,
2432,Live Chat,
2433,Phone,
2434,Live Chat,
2435,Social Media,
2436,Email,
2437,Live Chat,
2438,Phone,
2439,Email,
2440,Social Media,
2441,Phone,
2442,Live Chat,
2443,Live Chat,
2444,Email,
2445,Social Media,
2446,Phone,
2447,Social Media,
2448,Phone,
2449,Phone,
2450,Email,
2451,Live Chat,
2452,Live Chat,
2453,Live Chat,
2454,Social Media,
2455,Phone,
2456,Email,
2457,Social Media,
2458,Phone,
2459,Email,
2460,Phone,
2461,Email,
2462,Social Media,
2463,Phone,
2464,Phone,
2465,Social Media,
2466,Email,
2467,Live Chat,
2468,Live Chat,
2469,Email,
2470,Email,
2471,Live Chat,
2472,Phone,
2473,Social Media,
2474,Live Chat,
2475,Email,
2476,Phone,
2477,Email,
2478,Live Chat,
2479,Social Media,
2480,Social Media,
2481,Phone,
2482,Social Media,
2483,Live Chat,
2484,Live Chat,
2485,Live Chat,
2486,Phone,
2487,Live Chat,
2488,Social Media,
2489,Phone,
2490,Live Chat,
2491,Live Chat,
2492,Email,
2493,Live Chat,
2494,Phone,
2495,Email,
2496,Phone,
2497,Live Chat,
2498,Social Media,
2499,Email,
2500,Email,
2501,Email,
2502,Phone,
2503,Email,
2504,Social Media,
2505,Social Media,
2506,Email,
2507,Phone,
2508,Phone,
2509,Phone,
2510,Live Chat,
2511,Phone,
2512,Phone,
2513,Email,
2514,Live Chat,
2515,Email,
2516,Phone,
2517,Phone,
2518,Email,
2519,Live Chat,
2520,Live Chat,
2521,Email,
2522,Phone,
2523,Live Chat,
2524,Live Chat,
2525,Social Media,
2526,Email,
2527,Live Chat,
2528,Social Media,
2529,Social Media,
2530,Social Media,
2531,Phone,
2532,Email,
2533,Live Chat,
2534,Social Media,
2535,Phone,
2536,Phone,
2537,Email,
2538,Email,
2539,Phone,
2540,Phone,
2541,Social Media,
2542,Social Media,
2543,Live Chat,
2544,Social Media,
2545,Social Media,
2546,Social Media,
2547,Live Chat,
2548,Live Chat,
2549,Live Chat,
2550,Live Chat,
2551,Social Media,
2552,Email,
2553,Live Chat,
2554,Live Chat,
2555,Live Chat,
2556,Social Media,
2557,Phone,
2558,Social Media,
2559,Live Chat,
2560,Social Media,
2561,Email,
2562,Social Media,
2563,Phone,
2564,Phone,
2565,Live Chat,
2566,Phone,
2567,Live Chat,
2568,Social Media,
2569,Social Media,
2570,Live Chat,
2571,Live Chat,
2572,Social Media,
2573,Email,
2574,Phone,
2575,Phone,
2576,Phone,
2577,Phone,
2578,Social Media,
2579,Phone,
2580,Social Media,
2581,Live Chat,
2582,Social Media,
2583,Live Chat,
2584,Live Chat,
2585,Email,
2586,Email,
2587,Email,
2588,Email,
2589,Phone,
2590,Email,
2591,Phone,
2592,Phone,
2593,Phone,
2594,Live Chat,
2595,Live Chat,
2596,Phone,
2597,Email,
2598,Phone,
2599,Live Chat,
2600,Email,
2601,Live Chat,
2602,Email,
2603,Live Chat,
2604,Phone,
2605,Social Media,
2606,Social Media,
2607,Live Chat,
2608,Email,
2609,Live Chat,
2610,Social Media,
2611,Email,
2612,Live Chat,
2613,Social Media,
2614,Live Chat,
2615,Phone,
2616,Email,
2617,Email,
2618,Phone,
2619,Social Media,
2620,Live Chat,
2621,Social Media,
2622,Email,
2623,Social Media,
2624,Email,
2625,Email,
2626,Phone,
2627,Phone,
2628,Email,
2629,Live Chat,
2630,Live Chat,
2631,Phone,
2632,Live Chat,
2633,Phone,
2634,Email,
2635,Email,
2636,Email,
2637,Phone,
2638,Live Chat,
2639,Email,
2640,Social Media,
2641,Live Chat,
2642,Live Chat,
2643,Phone,
2644,Phone,
2645,Live Chat,
2646,Live Chat,
2647,Email,
2648,Email,
2649,Social Media,
2650,Email,
2651,Live Chat,
2652,Phone,
2653,Social Media,
2654,Live Chat,
2655,Social Media,
2656,Social Media,
2657,Social Media,
2658,Email,
2659,Email,
2660,Phone,
2661,Live Chat,
2662,Social Media,
2663,Email,
2664,Phone,
2665,Email,
2666,Phone,
2667,Live Chat,
2668,Social Media,
2669,Phone,
2670,Social Media,
2671,Live Chat,
2672,Live Chat,
2673,Email,
2674,Live Chat,
2675,Social Media,
2676,Email,
2677,Social Media,
2678,Email,
2679,Social Media,
2680,Live Chat,
2681,Phone,
2682,Live Chat,
2683,Social Media,
2684,Live Chat,
2685,Phone,
2686,Social Media,
2687,Social Media,
2688,Email,
2689,Email,
2690,Live Chat,
2691,Phone,
2692,Phone,
2693,Phone,
2694,Phone,
2695,Social Media,
2696,Live Chat,
2697,Social Media,
2698,Live Chat,
2699,Email,
2700,Phone,
2701,Live Chat,
2702,Social Media,
2703,Social Media,
2704,Social Media,
2705,Social Media,
2706,Live Chat,
2707,Phone,
2708,Social Media,
2709,Phone,
2710,Email,
2711,Phone,
2712,Email,
2713,Email,
2714,Phone,
2715,Phone,
2716,Live Chat,
2717,Social Media,
2718,Phone,
2719,Phone,
2720,Email,
2721,Phone,
2722,Social Media,
2723,Live Chat,
2724,Social Media,
2725,Social Media,
2726,Live Chat,
2727,Phone,
2728,Phone,
2729,Email,
2730,Phone,
2731,Email,
2732,Phone,
2733,Email,
2734,Live Chat,
2735,Phone,
2736,Phone,
2737,Social Media,
2738,Email,
2739,Email,
2740,Social Media,
2741,Phone,
2742,Email,
2743,Phone,
2744,Live Chat,
2745,Email,
2746,Phone,
2747,Live Chat,
2748,Phone,
2749,Phone,
2750,Live Chat,
2751,Email,
2752,Social Media,
2753,Social Media,
2754,Live Chat,
2755,Phone,
2756,Social Media,
2757,Live Chat,
2758,Social Media,
2759,Phone,
2760,Live Chat,
2761,Email,
2762,Live Chat,
2763,Live Chat,
2764,Social Media,
2765,Social Media,
2766,Email,
2767,Social Media,
2768,Social Media,
2769,Social Media,
2770,Phone,
2771,Live Chat,
2772,Social Media,
2773,Phone,
2774,Live Chat,
2775,Email,
2776,Live Chat,
2777,Phone,
2778,Phone,
2779,Email,
2780,Phone,
2781,Email,
2782,Email,
2783,Phone,
2784,Phone,
2785,Social Media,
2786,Social Media,
2787,Email,
2788,Phone,
2789,Social Media,
2790,Social Media,
2791,Social Media,
2792,Social Media,
2793,Email,
2794,Live Chat,
2795,Phone,
2796,Phone,
2797,Social Media,
2798,Email,
2799,Live Chat,
2800,Live Chat,
2801,Phone,
2802,Email,
2803,Email,
2804,Phone,
2805,Live Chat,
2806,Email,
2807,Social Media,
2808,Email,
2809,Phone,
2810,Phone,
2811,Social Media,
2812,Live Chat,
2813,Live Chat,
2814,Social Media,
2815,Email,
2816,Phone,
2817,Social Media,
2818,Phone,
2819,Phone,
2820,Social Media,
2821,Live Chat,
2822,Live Chat,
2823,Social Media,
2824,Social Media,
2825,Email,
2826,Social Media,
2827,Phone,
2828,Live Chat,
2829,Phone,
2830,Live Chat,
2831,Phone,
2832,Social Media,
2833,Social Media,
2834,Email,
2835,Live Chat,
2836,Social Media,
2837,Live Chat,
2838,Social Media,
2839,Email,
2840,Social Media,
2841,Social Media,
2842,Email,
2843,Phone,
2844,Live Chat,
2845,Phone,
2846,Phone,
2847,Phone,
2848,Live Chat,
2849,Email,
2850,Social Media,
2851,Social Media,
2852,Phone,
2853,Live Chat,
2854,Phone,
2855,Email,
2856,Social Media,
2857,Social Media,
2858,Social Media,
2859,Social Media,
2860,Email,
2861,Live Chat,
2862,Live Chat,
2863,Email,
2864,Social Media,
2865,Live Chat,
2866,Email,
2867,Phone,
2868,Email,
2869,Social Media,
2870,Social Media,
2871,Social Media,
2872,Phone,
2873,Live Chat,
2874,Social Media,
2875,Phone,
2876,Email,
2877,Live Chat,
2878,Live Chat,
2879,Email,
2880,Live Chat,
2881,Email,
2882,Phone,
2883,Social Media,
2884,Phone,
2885,Social Media,
2886,Live Chat,
2887,Email,
2888,Email,
2889,Phone,
2890,Phone,
2891,Live Chat,
2892,Email,
2893,Social Media,
2894,Live Chat,
2895,Live Chat,
2896,Live Chat,
2897,Email,
2898,Phone,
2899,Email,
2900,Social Media,
2901,Email,
2902,Social Media,
2903,Social Media,
2904,Social Media,
2905,Email,
2906,Social Media,
2907,Social Media,
2908,Live Chat,
2909,Live Chat,
2910,Email,
2911,Live Chat,
2912,Live Chat,
2913,Phone,
2914,Email,
2915,Email,
2916,Live Chat,
2917,Email,
2918,Email,
2919,Email,
2920,Email,
2921,Live Chat,
2922,Phone,
2923,Live Chat,
2924,Phone,
2925,Email,
2926,Social Media,
2927,Email,
2928,Email,
2929,Social Media,
2930,Email,
2931,Email,
2932,Social Media,
2933,Email,
2934,Email,
2935,Phone,
2936,Live Chat,
2937,Email,
2938,Email,
2939,Email,
2940,Phone,
2941,Email,
2942,Live Chat,
2943,Social Media,
2944,Phone,
2945,Social Media,
2946,Phone,
2947,Email,
2948,Phone,
2949,Email,
2950,Social Media,
2951,Social Media,
2952,Live Chat,
2953,Live Chat,
2954,Phone,
2955,Phone,
2956,Email,
2957,Social Media,
2958,Social Media,
2959,Phone,
2960,Social Media,
2961,Live Chat,
2962,Phone,
2963,Live Chat,
2964,Email,
2965,Live Chat,
2966,Phone,
2967,Live Chat,
2968,Live Chat,
2969,Phone,
2970,Email,
2971,Live Chat,
2972,Phone,
2973,Live Chat,
2974,Live Chat,
2975,Social Media,
2976,Live Chat,
2977,Email,
2978,Live Chat,
2979,Phone,
2980,Phone,
2981,Social Media,
2982,Social Media,
2983,Live Chat,
2984,Social Media,
2985,Email,
2986,Social Media,
2987,Phone,
2988,Social Media,
2989,Email,
2990,Email,
2991,Social Media,
2992,Social Media,
2993,Social Media,
2994,Phone,
2995,Phone,
2996,Email,
2997,Social Media,
2998,Live Chat,
2999,Email,
3000,Phone,
3001,Email,
3002,Phone,
3003,Live Chat,
3004,Social Media,
3005,Social Media,
3006,Social Media,
3007,Live Chat,
3008,Live Chat,
3009,Live Chat,
3010,Live Chat,
3011,Phone,
3012,Email,
3013,Live Chat,
3014,Phone,
3015,Email,
3016,Email,
3017,Live Chat,
3018,Live Chat,
3019,Email,
3020,Email,
3021,Phone,
3022,Live Chat,
3023,Email,
3024,Email,
3025,Social Media,
3026,Live Chat,
3027,Phone,
3028,Phone,
3029,Social Media,
3030,Live Chat,
3031,Phone,
3032,Social Media,
3033,Phone,
3034,Phone,
3035,Social Media,
3036,Email,
3037,Email,
3038,Phone,
3039,Live Chat,
3040,Live Chat,
3041,Live Chat,
3042,Social Media,
3043,Phone,
3044,Social Media,
3045,Live Chat,
3046,Social Media,
3047,Email,
3048,Live Chat,
3049,Live Chat,
3050,Email,
3051,Email,
3052,Phone,
3053,Social Media,
3054,Phone,
3055,Phone,
3056,Phone,
3057,Phone,
3058,Email,
3059,Email,
3060,Social Media,
3061,Social Media,
3062,Social Media,
3063,Email,
3064,Live Chat,
3065,Live Chat,
3066,Social Media,
3067,Live Chat,
3068,Phone,
3069,Social Media,
3070,Live Chat,
3071,Phone,
3072,Phone,
3073,Phone,
3074,Phone,
3075,Live Chat,
3076,Email,
3077,Phone,
3078,Social Media,
3079,Live Chat,
3080,Phone,
3081,Social Media,
3082,Phone,
3083,Email,
3084,Phone,
3085,Email,
3086,Social Media,
3087,Live Chat,
3088,Phone,
3089,Email,
3090,Social Media,
3091,Phone,
3092,Phone,
3093,Phone,
3094,Email,
3095,Live Chat,
3096,Social Media,
3097,Email,
3098,Live Chat,
3099,Social Media,
3100,Email,
3101,Email,
3102,Live Chat,
3103,Social Media,
3104,Live Chat,
3105,Live Chat,
3106,Email,
3107,Live Chat,
3108,Phone,
3109,Phone,
3110,Phone,
3111,Phone,
3112,Social Media,
3113,Live Chat,
3114,Live Chat,
3115,Phone,
3116,Social Media,
3117,Live Chat,
3118,Phone,
3119,Email,
3120,Live Chat,
3121,Email,
3122,Live Chat,
3123,Live Chat,
3124,Live Chat,
3125,Email,
3126,Social Media,
3127,Email,
3128,Phone,
3129,Social Media,
3130,Email,
3131,Email,
3132,Phone,
3133,Email,
3134,Social Media,
3135,Email,
3136,Social Media,
3137,Phone,
3138,Social Media,
3139,Email,
3140,Phone,
3141,Social Media,
3142,Social Media,
3143,Live Chat,
3144,Live Chat,
3145,Email,
3146,Live Chat,
3147,Email,
3148,Phone,
3149,Social Media,
3150,Phone,
3151,Phone,
3152,Live Chat,
3153,Social Media,
3154,Phone,
3155,Social Media,
3156,Social Media,
3157,Phone,
3158,Social Media,
3159,Email,
3160,Social Media,
3161,Email,
3162,Email,
3163,Email,
3164,Phone,
3165,Email,
3166,Social Media,
3167,Live Chat,
3168,Live Chat,
3169,Live Chat,
3170,Email,
3171,Phone,
3172,Email,
3173,Live Chat,
3174,Social Media,
3175,Email,
3176,Live Chat,
3177,Social Media,
3178,Phone,
3179,Social Media,
3180,Phone,
3181,Social Media,
3182,Phone,
3183,Phone,
3184,Phone,
3185,Email,
3186,Social Media,
3187,Phone,
3188,Social Media,
3189,Email,
3190,Live Chat,
3191,Live Chat,
3192,Phone,
3193,Email,
3194,Social Media,
3195,Phone,
3196,Live Chat,
3197,Email,
3198,Live Chat,
3199,Email,
3200,Live Chat,
3201,Phone,
3202,Phone,
3203,Phone,
3204,Live Chat,
3205,Social Media,
3206,Live Chat,
3207,Live Chat,
3208,Social Media,
3209,Phone,
3210,Live Chat,
3211,Live Chat,
3212,Phone,
3213,Live Chat,
3214,Social Media,
3215,Email,
3216,Live Chat,
3217,Social Media,
3218,Phone,
3219,Email,
3220,Phone,
3221,Phone,
3222,Phone,
3223,Email,
3224,Social Media,
3225,Social Media,
3226,Social Media,
3227,Social Media,
3228,Email,
3229,Phone,
3230,Live Chat,
3231,Email,
3232,Phone,
3233,Live Chat,
3234,Phone,
3235,Social Media,
3236,Email,
3237,Email,
3238,Live Chat,
3239,Email,
3240,Phone,
3241,Phone,
3242,Live Chat,
3243,Live Chat,
3244,Live Chat,
3245,Live Chat,
3246,Social Media,
3247,Phone,
3248,Phone,
3249,Phone,
3250,Phone,
3251,Social Media,
3252,Live Chat,
3253,Email,
3254,Phone,
3255,Email,
3256,Social Media,
3257,Social Media,
3258,Live Chat,
3259,Social Media,
3260,Live Chat,
3261,Email,
3262,Social Media,
3263,Live Chat,
3264,Email,
3265,Phone,
3266,Live Chat,
3267,Live Chat,
3268,Email,
3269,Email,
3270,Email,
3271,Email,
3272,Email,
3273,Live Chat,
3274,Email,
3275,Phone,
3276,Email,
3277,Social Media,
3278,Live Chat,
3279,Phone,
3280,Live Chat,
3281,Social Media,
3282,Email,
3283,Live Chat,
3284,Live Chat,
3285,Email,
3286,Live Chat,
3287,Live Chat,
3288,Live Chat,
3289,Social Media,
3290,Social Media,
3291,Social Media,
3292,Phone,
3293,Live Chat,
3294,Email,
3295,Email,
3296,Live Chat,
3297,Email,
3298,Phone,
3299,Email,
3300,Social Media,
3301,Social Media,
3302,Social Media,
3303,Social Media,
3304,Email,
3305,Live Chat,
3306,Phone,
3307,Phone,
3308,Email,
3309,Email,
3310,Social Media,
3311,Live Chat,
3312,Social Media,
3313,Live Chat,
3314,Social Media,
3315,Phone,
3316,Live Chat,
3317,Phone,
3318,Social Media,
3319,Phone,
3320,Email,
3321,Phone,
3322,Phone,
3323,Social Media,
3324,Phone,
3325,Phone,
3326,Email,
3327,Live Chat,
3328,Live Chat,
3329,Phone,
3330,Live Chat,
3331,Live Chat,
3332,Phone,
3333,Social Media,
3334,Phone,
3335,Live Chat,
3336,Email,
3337,Live Chat,
3338,Social Media,
3339,Phone,
3340,Live Chat,
3341,Live Chat,
3342,Email,
3343,Social Media,
3344,Live Chat,
3345,Live Chat,
3346,Phone,
3347,Social Media,
3348,Email,
3349,Live Chat,
3350,Social Media,
3351,Social Media,
3352,Social Media,
3353,Social Media,
3354,Live Chat,
3355,Social Media,
3356,Phone,
3357,Phone,
3358,Email,
3359,Email,
3360,Social Media,
3361,Email,
3362,Social Media,
3363,Phone,
3364,Phone,
3365,Phone,
3366,Phone,
3367,Email,
3368,Email,
3369,Social Media,
3370,Email,
3371,Phone,
3372,Phone,
3373,Social Media,
3374,Phone,
3375,Phone,
3376,Social Media,
3377,Social Media,
3378,Live Chat,
3379,Email,
3380,Email,
3381,Social Media,
3382,Live Chat,
3383,Email,
3384,Phone,
3385,Social Media,
3386,Social Media,
3387,Email,
3388,Phone,
3389,Phone,
3390,Social Media,
3391,Social Media,
3392,Phone,
3393,Social Media,
3394,Live Chat,
3395,Email,
3396,Phone,
3397,Email,
3398,Live Chat,
3399,Social Media,
3400,Email,
3401,Email,
3402,Social Media,
3403,Email,
3404,Email,
3405,Live Chat,
3406,Email,
3407,Social Media,
3408,Social Media,
3409,Social Media,
3410,Phone,
3411,Live Chat,
3412,Email,
3413,Email,
3414,Social Media,
3415,Social Media,
3416,Social Media,
3417,Social Media,
3418,Phone,
3419,Live Chat,
3420,Live Chat,
3421,Phone,
3422,Email,
3423,Email,
3424,Live Chat,
3425,Live Chat,
3426,Email,
3427,Phone,
3428,Phone,
3429,Email,
3430,Phone,
3431,Social Media,
3432,Live Chat,
3433,Email,
3434,Social Media,
3435,Social Media,
3436,Phone,
3437,Phone,
3438,Live Chat,
3439,Live Chat,
3440,Email,
3441,Live Chat,
3442,Social Media,
3443,Live Chat,
3444,Social Media,
3445,Social Media,
3446,Email,
3447,Phone,
3448,Live Chat,
3449,Email,
3450,Live Chat,
3451,Social Media,
3452,Live Chat,
3453,Phone,
3454,Live Chat,
3455,Live Chat,
3456,Social Media,
3457,Live Chat,
3458,Phone,
3459,Live Chat,
3460,Social Media,
3461,Email,
3462,Social Media,
3463,Social Media,
3464,Social Media,
3465,Email,
3466,Phone,
3467,Social Media,
3468,Social Media,
3469,Phone,
3470,Phone,
3471,Live Chat,
3472,Phone,
3473,Email,
3474,Social Media,
3475,Social Media,
3476,Email,
3477,Live Chat,
3478,Social Media,
3479,Social Media,
3480,Live Chat,
3481,Live Chat,
3482,Live Chat,
3483,Email,
3484,Email,
3485,Phone,
3486,Live Chat,
3487,Email,
3488,Email,
3489,Phone,
3490,Email,
3491,Social Media,
3492,Email,
3493,Live Chat,
3494,Phone,
3495,Live Chat,
3496,Live Chat,
3497,Phone,
3498,Social Media,
3499,Phone,
3500,Social Media,
3501,Social Media,
3502,Live Chat,
3503,Live Chat,
3504,Live Chat,
3505,Live Chat,
3506,Phone,
3507,Email,
3508,Phone,
3509,Email,
3510,Phone,
3511,Live Chat,
3512,Email,
3513,Phone,
3514,Phone,
3515,Social Media,
3516,Phone,
3517,Live Chat,
3518,Phone,
3519,Phone,
3520,Live Chat,
3521,Email,
3522,Email,
3523,Live Chat,
3524,Email,
3525,Social Media,
3526,Phone,
3527,Phone,
3528,Email,
3529,Email,
3530,Email,
3531,Live Chat,
3532,Social Media,
3533,Social Media,
3534,Email,
3535,Live Chat,
3536,Email,
3537,Live Chat,
3538,Live Chat,
3539,Phone,
3540,Email,
3541,Phone,
3542,Phone,
3543,Social Media,
3544,Live Chat,
3545,Live Chat,
3546,Live Chat,
3547,Live Chat,
3548,Phone,
3549,Live Chat,
3550,Social Media,
3551,Social Media,
3552,Phone,
3553,Phone,
3554,Email,
3555,Email,
3556,Live Chat,
3557,Phone,
3558,Phone,
3559,Social Media,
3560,Social Media,
3561,Social Media,
3562,Phone,
3563,Email,
3564,Phone,
3565,Phone,
3566,Phone,
3567,Email,
3568,Social Media,
3569,Live Chat,
3570,Live Chat,
3571,Live Chat,
3572,Email,
3573,Email,
3574,Live Chat,
3575,Live Chat,
3576,Email,
3577,Live Chat,
3578,Phone,
3579,Social Media,
3580,Email,
3581,Social Media,
3582,Live Chat,
3583,Live Chat,
3584,Email,
3585,Email,
3586,Phone,
3587,Email,
3588,Social Media,
3589,Email,
3590,Phone,
3591,Social Media,
3592,Live Chat,
3593,Email,
3594,Live Chat,
3595,Phone,
3596,Email,
3597,Phone,
3598,Live Chat,
3599,Social Media,
3600,Phone,
3601,Email,
3602,Email,
3603,Live Chat,
3604,Live Chat,
3605,Live Chat,
3606,Live Chat,
3607,Email,
3608,Email,
3609,Email,
3610,Phone,
3611,Social Media,
3612,Social Media,
3613,Social Media,
3614,Phone,
3615,Live Chat,
3616,Live Chat,
3617,Live Chat,
3618,Email,
3619,Phone,
3620,Social Media,
3621,Live Chat,
3622,Social Media,
3623,Live Chat,
3624,Social Media,
3625,Email,
3626,Phone,
3627,Live Chat,
3628,Live Chat,
3629,Live Chat,
3630,Live Chat,
3631,Phone,
3632,Phone,
3633,Live Chat,
3634,Social Media,
3635,Email,
3636,Live Chat,
3637,Email,
3638,Social Media,
3639,Live Chat,
3640,Live Chat,
3641,Email,
3642,Live Chat,
3643,Social Media,
3644,Phone,
3645,Email,
3646,Phone,
3647,Email,
3648,Phone,
3649,Social Media,
3650,Social Media,
3651,Live Chat,
3652,Social Media,
3653,Social Media,
3654,Live Chat,
3655,Email,
3656,Social Media,
3657,Social Media,
3658,Phone,
3659,Social Media,
3660,Live Chat,
3661,Social Media,
3662,Phone,
3663,Social Media,
3664,Phone,
3665,Social Media,
3666,Email,
3667,Live Chat,
3668,Social Media,
3669,Email,
3670,Email,
3671,Live Chat,
3672,Phone,
3673,Email,
3674,Live Chat,
3675,Social Media,
3676,Phone,
3677,Phone,
3678,Phone,
3679,Email,
3680,Email,
3681,Live Chat,
3682,Phone,
3683,Phone,
3684,Live Chat,
3685,Social Media,
3686,Phone,
3687,Phone,
3688,Live Chat,
3689,Live Chat,
3690,Email,
3691,Social Media,
3692,Email,
3693,Email,
3694,Live Chat,
3695,Email,
3696,Social Media,
3697,Phone,
3698,Email,
3699,Email,
3700,Email,
3701,Social Media,
3702,Social Media,
3703,Social Media,
3704,Live Chat,
3705,Phone,
3706,Live Chat,
3707,Phone,
3708,Email,
3709,Social Media,
3710,Social Media,
3711,Social Media,
3712,Email,
3713,Phone,
3714,Live Chat,
3715,Live Chat,
3716,Email,
3717,Phone,
3718,Social Media,
3719,Phone,
3720,Phone,
3721,Social Media,
3722,Phone,
3723,Email,
3724,Live Chat,
3725,Email,
3726,Phone,
3727,Social Media,
3728,Live Chat,
3729,Email,
3730,Phone,
3731,Social Media,
3732,Email,
3733,Phone,
3734,Social Media,
3735,Email,
3736,Social Media,
3737,Email,
3738,Email,
3739,Phone,
3740,Live Chat,
3741,Live Chat,
3742,Social Media,
3743,Social Media,
3744,Social Media,
3745,Social Media,
3746,Social Media,
3747,Phone,
3748,Social Media,
3749,Live Chat,
3750,Live Chat,
3751,Email,
3752,Email,
3753,Phone,
3754,Phone,
3755,Social Media,
3756,Email,
3757,Phone,
3758,Phone,
3759,Live Chat,
3760,Phone,
3761,Phone,
3762,Email,
3763,Social Media,
3764,Social Media,
3765,Phone,
3766,Email,
3767,Social Media,
3768,Social Media,
3769,Phone,
3770,Social Media,
3771,Social Media,
3772,Live Chat,
3773,Email,
3774,Phone,
3775,Phone,
3776,Live Chat,
3777,Phone,
3778,Live Chat,
3779,Email,
3780,Social Media,
3781,Social Media,
3782,Email,
3783,Phone,
3784,Email,
3785,Social Media,
3786,Live Chat,
3787,Live Chat,
3788,Phone,
3789,Social Media,
3790,Live Chat,
3791,Live Chat,
3792,Live Chat,
3793,Phone,
3794,Social Media,
3795,Email,
3796,Live Chat,
3797,Email,
3798,Email,
3799,Phone,
3800,Phone,
3801,Email,
3802,Phone,
3803,Email,
3804,Live Chat,
3805,Social Media,
3806,Email,
3807,Social Media,
3808,Email,
3809,Live Chat,
3810,Phone,
3811,Email,
3812,Phone,
3813,Live Chat,
3814,Social Media,
3815,Email,
3816,Email,
3817,Social Media,
3818,Email,
3819,Email,
3820,Social Media,
3821,Phone,
3822,Phone,
3823,Social Media,
3824,Live Chat,
3825,Social Media,
3826,Social Media,
3827,Phone,
3828,Email,
3829,Live Chat,
3830,Email,
3831,Email,
3832,Live Chat,
3833,Social Media,
3834,Social Media,
3835,Email,
3836,Email,
3837,Live Chat,
3838,Phone,
3839,Live Chat,
3840,Live Chat,
3841,Live Chat,
3842,Phone,
3843,Social Media,
3844,Live Chat,
3845,Phone,
3846,Email,
3847,Live Chat,
3848,Email,
3849,Email,
3850,Phone,
3851,Email,
3852,Email,
3853,Live Chat,
3854,Email,
3855,Live Chat,
3856,Email,
3857,Social Media,
3858,Social Media,
3859,Phone,
3860,Email,
3861,Phone,
3862,Live Chat,
3863,Live Chat,
3864,Email,
3865,Email,
3866,Social Media,
3867,Live Chat,
3868,Live Chat,
3869,Live Chat,
3870,Phone,
3871,Email,
3872,Live Chat,
3873,Live Chat,
3874,Email,
3875,Email,
3876,Phone,
3877,Social Media,
3878,Live Chat,
3879,Social Media,
3880,Email,
3881,Social Media,
3882,Phone,
3883,Social Media,
3884,Live Chat,
3885,Phone,
3886,Email,
3887,Phone,
3888,Live Chat,
3889,Email,
3890,Social Media,
3891,Live Chat,
3892,Phone,
3893,Phone,
3894,Phone,
3895,Email,
3896,Phone,
3897,Email,
3898,Phone,
3899,Phone,
3900,Email,
3901,Email,
3902,Email,
3903,Live Chat,
3904,Social Media,
3905,Phone,
3906,Live Chat,
3907,Social Media,
3908,Phone,
3909,Phone,
3910,Phone,
3911,Social Media,
3912,Phone,
3913,Live Chat,
3914,Phone,
3915,Live Chat,
3916,Email,
3917,Social Media,
3918,Live Chat,
3919,Phone,
3920,Live Chat,
3921,Live Chat,
3922,Email,
3923,Social Media,
3924,Email,
3925,Social Media,
3926,Email,
3927,Social Media,
3928,Phone,
3929,Live Chat,
3930,Live Chat,
3931,Email,
3932,Phone,
3933,Phone,
3934,Phone,
3935,Email,
3936,Social Media,
3937,Phone,
3938,Phone,
3939,Social Media,
3940,Social Media,
3941,Phone,
3942,Email,
3943,Email,
3944,Live Chat,
3945,Live Chat,
3946,Live Chat,
3947,Email,
3948,Live Chat,
3949,Phone,
3950,Email,
3951,Email,
3952,Live Chat,
3953,Phone,
3954,Phone,
3955,Email,
3956,Email,
3957,Live Chat,
3958,Phone,
3959,Email,
3960,Social Media,
3961,Phone,
3962,Social Media,
3963,Email,
3964,Live Chat,
3965,Email,
3966,Email,
3967,Social Media,
3968,Email,
3969,Live Chat,
3970,Social Media,
3971,Social Media,
3972,Live Chat,
3973,Social Media,
3974,Live Chat,
3975,Social Media,
3976,Email,
3977,Email,
3978,Phone,
3979,Social Media,
3980,Live Chat,
3981,Live Chat,
3982,Social Media,
3983,Email,
3984,Live Chat,
3985,Phone,
3986,Live Chat,
3987,Live Chat,
3988,Live Chat,
3989,Phone,
3990,Phone,
3991,Live Chat,
3992,Phone,
3993,Email,
3994,Live Chat,
3995,Phone,
3996,Phone,
3997,Phone,
3998,Email,
3999,Phone,
4000,Social Media,
4001,Social Media,
4002,Email,
4003,Email,
4004,Phone,
4005,Email,
4006,Phone,
4007,Phone,
4008,Phone,
4009,Social Media,
4010,Social Media,
4011,Live Chat,
4012,Email,
4013,Social Media,
4014,Email,
4015,Phone,
4016,Email,
4017,Phone,
4018,Email,
4019,Social Media,
4020,Email,
4021,Phone,
4022,Social Media,
4023,Phone,
4024,Phone,
4025,Social Media,
4026,Email,
4027,Live Chat,
4028,Live Chat,
4029,Email,
4030,Email,
4031,Social Media,
4032,Phone,
4033,Social Media,
4034,Social Media,
4035,Phone,
4036,Phone,
4037,Email,
4038,Phone,
4039,Phone,
4040,Email,
4041,Social Media,
4042,Live Chat,
4043,Phone,
4044,Social Media,
4045,Social Media,
4046,Live Chat,
4047,Phone,
4048,Social Media,
4049,Social Media,
4050,Phone,
4051,Phone,
4052,Social Media,
4053,Email,
4054,Email,
4055,Social Media,
4056,Phone,
4057,Phone,
4058,Email,
4059,Email,
4060,Live Chat,
4061,Email,
4062,Phone,
4063,Email,
4064,Social Media,
4065,Live Chat,
4066,Live Chat,
4067,Phone,
4068,Social Media,
4069,Email,
4070,Live Chat,
4071,Live Chat,
4072,Social Media,
4073,Live Chat,
4074,Social Media,
4075,Phone,
4076,Live Chat,
4077,Email,
4078,Social Media,
4079,Phone,
4080,Email,
4081,Social Media,
4082,Email,
4083,Live Chat,
4084,Phone,
4085,Social Media,
4086,Social Media,
4087,Phone,
4088,Email,
4089,Phone,
4090,Phone,
4091,Phone,
4092,Phone,
4093,Live Chat,
4094,Social Media,
4095,Email,
4096,Email,
4097,Phone,
4098,Phone,
4099,Email,
4100,Email,
4101,Live Chat,
4102,Phone,
4103,Email,
4104,Social Media,
4105,Live Chat,
4106,Live Chat,
4107,Phone,
4108,Live Chat,
4109,Live Chat,
4110,Social Media,
4111,Live Chat,
4112,Social Media,
4113,Live Chat,
4114,Live Chat,
4115,Phone,
4116,Phone,
4117,Phone,
4118,Phone,
4119,Email,
4120,Phone,
4121,Phone,
4122,Phone,
4123,Live Chat,
4124,Live Chat,
4125,Live Chat,
4126,Phone,
4127,Social Media,
4128,Email,
4129,Social Media,
4130,Social Media,
4131,Social Media,
4132,Social Media,
4133,Email,
4134,Social Media,
4135,Phone,
4136,Social Media,
4137,Email,
4138,Email,
4139,Social Media,
4140,Phone,
4141,Social Media,
4142,Live Chat,
4143,Email,
4144,Social Media,
4145,Live Chat,
4146,Phone,
4147,Live Chat,
4148,Email,
4149,Live Chat,
4150,Live Chat,
4151,Live Chat,
4152,Phone,
4153,Phone,
4154,Phone,
4155,Phone,
4156,Social Media,
4157,Live Chat,
4158,Email,
4159,Live Chat,
4160,Social Media,
4161,Live Chat,
4162,Live Chat,
4163,Email,
4164,Email,
4165,Email,
4166,Live Chat,
4167,Social Media,
4168,Phone,
4169,Phone,
4170,Live Chat,
4171,Phone,
4172,Phone,
4173,Live Chat,
4174,Live Chat,
4175,Social Media,
4176,Phone,
4177,Live Chat,
4178,Phone,
4179,Email,
4180,Email,
4181,Social Media,
4182,Live Chat,
4183,Phone,
4184,Email,
4185,Live Chat,
4186,Email,
4187,Email,
4188,Live Chat,
4189,Email,
4190,Live Chat,
4191,Social Media,
4192,Live Chat,
4193,Email,
4194,Email,
4195,Phone,
4196,Social Media,
4197,Email,
4198,Social Media,
4199,Phone,
4200,Social Media,
4201,Live Chat,
4202,Social Media,
4203,Email,
4204,Email,
4205,Live Chat,
4206,Email,
4207,Phone,
4208,Email,
4209,Phone,
4210,Social Media,
4211,Social Media,
4212,Email,
4213,Email,
4214,Live Chat,
4215,Social Media,
4216,Phone,
4217,Live Chat,
4218,Live Chat,
4219,Social Media,
4220,Live Chat,
4221,Phone,
4222,Live Chat,
4223,Phone,
4224,Phone,
4225,Email,
4226,Social Media,
4227,Social Media,
4228,Social Media,
4229,Social Media,
4230,Phone,
4231,Social Media,
4232,Social Media,
4233,Phone,
4234,Email,
4235,Social Media,
4236,Live Chat,
4237,Email,
4238,Email,
4239,Email,
4240,Social Media,
4241,Phone,
4242,Social Media,
4243,Social Media,
4244,Email,
4245,Phone,
4246,Social Media,
4247,Social Media,
4248,Social Media,
4249,Social Media,
4250,Phone,
4251,Phone,
4252,Phone,
4253,Live Chat,
4254,Phone,
4255,Phone,
4256,Email,
4257,Social Media,
4258,Social Media,
4259,Email,
4260,Phone,
4261,Social Media,
4262,Live Chat,
4263,Live Chat,
4264,Email,
4265,Live Chat,
4266,Email,
4267,Live Chat,
4268,Live Chat,
4269,Live Chat,
4270,Email,
4271,Social Media,
4272,Email,
4273,Phone,
4274,Phone,
4275,Live Chat,
4276,Live Chat,
4277,Social Media,
4278,Social Media,
4279,Social Media,
4280,Live Chat,
4281,Email,
4282,Live Chat,
4283,Phone,
4284,Live Chat,
4285,Social Media,
4286,Phone,
4287,Live Chat,
4288,Social Media,
4289,Live Chat,
4290,Live Chat,
4291,Social Media,
4292,Phone,
4293,Phone,
4294,Email,
4295,Phone,
4296,Live Chat,
4297,Social Media,
4298,Phone,
4299,Live Chat,
4300,Live Chat,
4301,Phone,
4302,Social Media,
4303,Social Media,
4304,Email,
4305,Social Media,
4306,Social Media,
4307,Phone,
4308,Phone,
4309,Live Chat,
4310,Phone,
4311,Email,
4312,Live Chat,
4313,Social Media,
4314,Phone,
4315,Email,
4316,Live Chat,
4317,Email,
4318,Email,
4319,Social Media,
4320,Live Chat,
4321,Phone,
4322,Social Media,
4323,Email,
4324,Live Chat,
4325,Social Media,
4326,Phone,
4327,Email,
4328,Live Chat,
4329,Social Media,
4330,Social Media,
4331,Email,
4332,Social Media,
4333,Phone,
4334,Phone,
4335,Phone,
4336,Live Chat,
4337,Social Media,
4338,Phone,
4339,Phone,
4340,Live Chat,
4341,Social Media,
4342,Phone,
4343,Phone,
4344,Phone,
4345,Live Chat,
4346,Social Media,
4347,Phone,
4348,Email,
4349,Live Chat,
4350,Email,
4351,Social Media,
4352,Live Chat,
4353,Live Chat,
4354,Live Chat,
4355,Social Media,
4356,Email,
4357,Phone,
4358,Social Media,
4359,Phone,
4360,Phone,
4361,Phone,
4362,Live Chat,
4363,Live Chat,
4364,Email,
4365,Social Media,
4366,Phone,
4367,Social Media,
4368,Social Media,
4369,Social Media,
4370,Live Chat,
4371,Phone,
4372,Phone,
4373,Social Media,
4374,Email,
4375,Live Chat,
4376,Social Media,
4377,Social Media,
4378,Phone,
4379,Email,
4380,Social Media,
4381,Email,
4382,Phone,
4383,Phone,
4384,Social Media,
4385,Email,
4386,Social Media,
4387,Social Media,
4388,Social Media,
4389,Social Media,
4390,Email,
4391,Social Media,
4392,Phone,
4393,Phone,
4394,Email,
4395,Social Media,
4396,Social Media,
4397,Live Chat,
4398,Social Media,
4399,Email,
4400,Email,
4401,Live Chat,
4402,Phone,
4403,Email,
4404,Social Media,
4405,Social Media,
4406,Phone,
4407,Live Chat,
4408,Email,
4409,Social Media,
4410,Phone,
4411,Phone,
4412,Phone,
4413,Social Media,
4414,Phone,
4415,Phone,
4416,Phone,
4417,Email,
4418,Social Media,
4419,Email,
4420,Live Chat,
4421,Phone,
4422,Social Media,
4423,Live Chat,
4424,Email,
4425,Live Chat,
4426,Email,
4427,Social Media,
4428,Email,
4429,Live Chat,
4430,Email,
4431,Email,
4432,Live Chat,
4433,Live Chat,
4434,Phone,
4435,Live Chat,
4436,Email,
4437,Social Media,
4438,Social Media,
4439,Phone,
4440,Email,
4441,Live Chat,
4442,Email,
4443,Live Chat,
4444,Live Chat,
4445,Live Chat,
4446,Phone,
4447,Live Chat,
4448,Email,
4449,Phone,
4450,Phone,
4451,Social Media,
4452,Phone,
4453,Email,
4454,Social Media,
4455,Live Chat,
4456,Social Media,
4457,Phone,
4458,Live Chat,
4459,Live Chat,
4460,Email,
4461,Phone,
4462,Email,
4463,Phone,
4464,Phone,
4465,Live Chat,
4466,Live Chat,
4467,Social Media,
4468,Phone,
4469,Phone,
4470,Live Chat,
4471,Phone,
4472,Phone,
4473,Phone,
4474,Email,
4475,Social Media,
4476,Social Media,
4477,Phone,
4478,Phone,
4479,Live Chat,
4480,Social Media,
4481,Social Media,
4482,Live Chat,
4483,Social Media,
4484,Email,
4485,Live Chat,
4486,Phone,
4487,Email,
4488,Social Media,
4489,Phone,
4490,Social Media,
4491,Social Media,
4492,Phone,
4493,Phone,
4494,Email,
4495,Social Media,
4496,Live Chat,
4497,Live Chat,
4498,Live Chat,
4499,Social Media,
4500,Social Media,
4501,Phone,
4502,Email,
4503,Social Media,
4504,Live Chat,
4505,Social Media,
4506,Email,
4507,Social Media,
4508,Email,
4509,Phone,
4510,Email,
4511,Live Chat,
4512,Social Media,
4513,Social Media,
4514,Live Chat,
4515,Email,
4516,Social Media,
4517,Social Media,
4518,Email,
4519,Email,
4520,Email,
4521,Social Media,
4522,Live Chat,
4523,Live Chat,
4524,Phone,
4525,Email,
4526,Live Chat,
4527,Email,
4528,Social Media,
4529,Live Chat,
4530,Social Media,
4531,Phone,
4532,Live Chat,
4533,Live Chat,
4534,Phone,
4535,Email,
4536,Live Chat,
4537,Phone,
4538,Social Media,
4539,Phone,
4540,Social Media,
4541,Phone,
4542,Live Chat,
4543,Email,
4544,Live Chat,
4545,Live Chat,
4546,Social Media,
4547,Live Chat,
4548,Phone,
4549,Email,
4550,Live Chat,
4551,Email,
4552,Social Media,
4553,Live Chat,
4554,Email,
4555,Phone,
4556,Email,
4557,Phone,
4558,Phone,
4559,Social Media,
4560,Email,
4561,Live Chat,
4562,Live Chat,
4563,Live Chat,
4564,Live Chat,
4565,Email,
4566,Social Media,
4567,Live Chat,
4568,Live Chat,
4569,Phone,
4570,Email,
4571,Phone,
4572,Phone,
4573,Social Media,
4574,Live Chat,
4575,Live Chat,
4576,Email,
4577,Phone,
4578,Live Chat,
4579,Social Media,
4580,Phone,
4581,Social Media,
4582,Social Media,
4583,Social Media,
4584,Live Chat,
4585,Social Media,
4586,Social Media,
4587,Live Chat,
4588,Live Chat,
4589,Live Chat,
4590,Email,
4591,Phone,
4592,Phone,
4593,Email,
4594,Email,
4595,Email,
4596,Live Chat,
4597,Social Media,
4598,Live Chat,
4599,Social Media,
4600,Phone,
4601,Social Media,
4602,Email,
4603,Phone,
4604,Social Media,
4605,Email,
4606,Social Media,
4607,Social Media,
4608,Social Media,
4609,Phone,
4610,Social Media,
4611,Email,
4612,Social Media,
4613,Email,
4614,Live Chat,
4615,Phone,
4616,Live Chat,
4617,Live Chat,
4618,Phone,
4619,Live Chat,
4620,Email,
4621,Email,
4622,Email,
4623,Email,
4624,Live Chat,
4625,Phone,
4626,Live Chat,
4627,Phone,
4628,Phone,
4629,Live Chat,
4630,Live Chat,
4631,Email,
4632,Phone,
4633,Phone,
4634,Social Media,
4635,Phone,
4636,Email,
4637,Phone,
4638,Social Media,
4639,Social Media,
4640,Phone,
4641,Email,
4642,Social Media,
4643,Social Media,
4644,Social Media,
4645,Live Chat,
4646,Email,
4647,Email,
4648,Live Chat,
4649,Phone,
4650,Social Media,
4651,Social Media,
4652,Live Chat,
4653,Phone,
4654,Email,
4655,Phone,
4656,Email,
4657,Social Media,
4658,Phone,
4659,Email,
4660,Phone,
4661,Phone,
4662,Phone,
4663,Live Chat,
4664,Email,
4665,Email,
4666,Social Media,
4667,Email,
4668,Social Media,
4669,Live Chat,
4670,Social Media,
4671,Social Media,
4672,Live Chat,
4673,Live Chat,
4674,Live Chat,
4675,Phone,
4676,Email,
4677,Phone,
4678,Social Media,
4679,Live Chat,
4680,Live Chat,
4681,Phone,
4682,Social Media,
4683,Email,
4684,Social Media,
4685,Live Chat,
4686,Social Media,
4687,Phone,
4688,Social Media,
4689,Phone,
4690,Social Media,
4691,Social Media,
4692,Phone,
4693,Phone,
4694,Email,
4695,Email,
4696,Social Media,
4697,Live Chat,
4698,Live Chat,
4699,Email,
4700,Email,
4701,Social Media,
4702,Phone,
4703,Phone,
4704,Phone,
4705,Live Chat,
4706,Live Chat,
4707,Live Chat,
4708,Live Chat,
4709,Phone,
4710,Social Media,
4711,Social Media,
4712,Live Chat,
4713,Live Chat,
4714,Phone,
4715,Phone,
4716,Social Media,
4717,Email,
4718,Social Media,
4719,Social Media,
4720,Social Media,
4721,Phone,
4722,Live Chat,
4723,Phone,
4724,Live Chat,
4725,Email,
4726,Email,
4727,Email,
4728,Live Chat,
4729,Social Media,
4730,Live Chat,
4731,Email,
4732,Social Media,
4733,Email,
4734,Live Chat,
4735,Social Media,
4736,Live Chat,
4737,Live Chat,
4738,Live Chat,
4739,Social Media,
4740,Email,
4741,Email,
4742,Social Media,
4743,Phone,
4744,Social Media,
4745,Phone,
4746,Live Chat,
4747,Email,
4748,Live Chat,
4749,Phone,
4750,Social Media,
4751,Live Chat,
4752,Social Media,
4753,Social Media,
4754,Phone,
4755,Social Media,
4756,Phone,
4757,Social Media,
4758,Social Media,
4759,Social Media,
4760,Email,
4761,Social Media,
4762,Live Chat,
4763,Email,
4764,Phone,
4765,Social Media,
4766,Phone,
4767,Live Chat,
4768,Live Chat,
4769,Live Chat,
4770,Live Chat,
4771,Social Media,
4772,Phone,
4773,Phone,
4774,Phone,
4775,Email,
4776,Email,
4777,Social Media,
4778,Email,
4779,Live Chat,
4780,Social Media,
4781,Social Media,
4782,Social Media,
4783,Phone,
4784,Email,
4785,Live Chat,
4786,Social Media,
4787,Live Chat,
4788,Social Media,
4789,Live Chat,
4790,Phone,
4791,Live Chat,
4792,Email,
4793,Live Chat,
4794,Social Media,
4795,Social Media,
4796,Phone,
4797,Phone,
4798,Social Media,
4799,Social Media,
4800,Live Chat,
4801,Social Media,
4802,Phone,
4803,Phone,
4804,Email,
4805,Email,
4806,Social Media,
4807,Live Chat,
4808,Social Media,
4809,Phone,
4810,Phone,
4811,Phone,
4812,Social Media,
4813,Social Media,
4814,Email,
4815,Phone,
4816,Email,
4817,Phone,
4818,Email,
4819,Social Media,
4820,Live Chat,
4821,Live Chat,
4822,Phone,
4823,Social Media,
4824,Phone,
4825,Email,
4826,Social Media,
4827,Email,
4828,Email,
4829,Phone,
4830,Email,
4831,Phone,
4832,Email,
4833,Phone,
4834,Email,
4835,Email,
4836,Email,
4837,Phone,
4838,Social Media,
4839,Live Chat,
4840,Live Chat,
4841,Phone,
4842,Phone,
4843,Live Chat,
4844,Social Media,
4845,Social Media,
4846,Live Chat,
4847,Email,
4848,Email,
4849,Phone,
4850,Live Chat,
4851,Live Chat,
4852,Phone,
4853,Social Media,
4854,Social Media,
4855,Live Chat,
4856,Email,
4857,Live Chat,
4858,Live Chat,
4859,Email,
4860,Live Chat,
4861,Social Media,
4862,Social Media,
4863,Email,
4864,Social Media,
4865,Email,
4866,Email,
4867,Live Chat,
4868,Email,
4869,Social Media,
4870,Social Media,
4871,Phone,
4872,Social Media,
4873,Live Chat,
4874,Email,
4875,Social Media,
4876,Phone,
4877,Phone,
4878,Email,
4879,Social Media,
4880,Social Media,
4881,Phone,
4882,Social Media,
4883,Social Media,
4884,Email,
4885,Social Media,
4886,Social Media,
4887,Phone,
4888,Live Chat,
4889,Social Media,
4890,Email,
4891,Phone,
4892,Phone,
4893,Email,
4894,Live Chat,
4895,Social Media,
4896,Social Media,
4897,Email,
4898,Phone,
4899,Email,
4900,Live Chat,
4901,Phone,
4902,Live Chat,
4903,Live Chat,
4904,Phone,
4905,Live Chat,
4906,Phone,
4907,Live Chat,
4908,Live Chat,
4909,Phone,
4910,Live Chat,
4911,Live Chat,
4912,Social Media,
4913,Live Chat,
4914,Email,
4915,Live Chat,
4916,Email,
4917,Phone,
4918,Phone,
4919,Social Media,
4920,Phone,
4921,Email,
4922,Phone,
4923,Phone,
4924,Live Chat,
4925,Email,
4926,Email,
4927,Email,
4928,Phone,
4929,Email,
4930,Phone,
4931,Phone,
4932,Social Media,
4933,Social Media,
4934,Phone,
4935,Phone,
4936,Live Chat,
4937,Social Media,
4938,Email,
4939,Social Media,
4940,Social Media,
4941,Social Media,
4942,Email,
4943,Phone,
4944,Social Media,
4945,Social Media,
4946,Phone,
4947,Phone,
4948,Live Chat,
4949,Social Media,
4950,Phone,
4951,Email,
4952,Email,
4953,Live Chat,
4954,Social Media,
4955,Phone,
4956,Email,
4957,Live Chat,
4958,Social Media,
4959,Email,
4960,Live Chat,
4961,Phone,
4962,Email,
4963,Social Media,
4964,Email,
4965,Phone,
4966,Phone,
4967,Live Chat,
4968,Phone,
4969,Social Media,
4970,Social Media,
4971,Email,
4972,Email,
4973,Phone,
4974,Phone,
4975,Phone,
4976,Phone,
4977,Email,
4978,Social Media,
4979,Live Chat,
4980,Email,
4981,Email,
4982,Social Media,
4983,Live Chat,
4984,Social Media,
4985,Phone,
4986,Live Chat,
4987,Email,
4988,Phone,
4989,Phone,
4990,Phone,
4991,Phone,
4992,Phone,
4993,Phone,
4994,Live Chat,
4995,Phone,
4996,Live Chat,
4997,Live Chat,
4998,Social Media,
4999,Social Media,
5000,Live Chat,
5001,Phone,
5002,Social Media,
5003,Phone,
5004,Phone,
5005,Social Media,
5006,Social Media,
5007,Social Media,
5008,Phone,
5009,Email,
5010,Email,
5011,Social Media,
5012,Phone,
5013,Email,
5014,Social Media,
5015,Phone,
5016,Phone,
5017,Phone,
5018,Phone,
5019,Phone,
5020,Phone,
5021,Phone,
5022,Social Media,
5023,Social Media,
5024,Live Chat,
5025,Social Media,
5026,Social Media,
5027,Live Chat,
5028,Social Media,
5029,Email,
5030,Email,
5031,Social Media,
5032,Social Media,
5033,Social Media,
5034,Social Media,
5035,Live Chat,
5036,Live Chat,
5037,Social Media,
5038,Social Media,
5039,Live Chat,
5040,Email,
5041,Phone,
5042,Social Media,
5043,Email,
5044,Phone,
5045,Phone,
5046,Email,
5047,Social Media,
5048,Phone,
5049,Social Media,
5050,Social Media,
5051,Email,
5052,Live Chat,
5053,Social Media,
5054,Live Chat,
5055,Email,
5056,Email,
5057,Email,
5058,Email,
5059,Phone,
5060,Live Chat,
5061,Email,
5062,Email,
5063,Social Media,
5064,Live Chat,
5065,Email,
5066,Live Chat,
5067,Live Chat,
5068,Email,
5069,Phone,
5070,Email,
5071,Phone,
5072,Email,
5073,Phone,
5074,Social Media,
5075,Live Chat,
5076,Live Chat,
5077,Email,
5078,Email,
5079,Phone,
5080,Phone,
5081,Phone,
5082,Phone,
5083,Phone,
5084,Email,
5085,Live Chat,
5086,Phone,
5087,Live Chat,
5088,Live Chat,
5089,Email,
5090,Social Media,
5091,Phone,
5092,Phone,
5093,Phone,
5094,Phone,
5095,Email,
5096,Social Media,
5097,Email,
5098,Phone,
5099,Phone,
5100,Live Chat,
5101,Live Chat,
5102,Social Media,
5103,Phone,
5104,Phone,
5105,Social Media,
5106,Live Chat,
5107,Live Chat,
5108,Phone,
5109,Live Chat,
5110,Social Media,
5111,Email,
5112,Live Chat,
5113,Social Media,
5114,Phone,
5115,Email,
5116,Social Media,
5117,Email,
5118,Live Chat,
5119,Phone,
5120,Live Chat,
5121,Live Chat,
5122,Social Media,
5123,Social Media,
5124,Live Chat,
5125,Social Media,
5126,Social Media,
5127,Email,
5128,Live Chat,
5129,Live Chat,
5130,Social Media,
5131,Live Chat,
5132,Live Chat,
5133,Social Media,
5134,Phone,
5135,Social Media,
5136,Phone,
5137,Phone,
5138,Email,
5139,Phone,
5140,Live Chat,
5141,Social Media,
5142,Live Chat,
5143,Phone,
5144,Social Media,
5145,Social Media,
5146,Social Media,
5147,Social Media,
5148,Email,
5149,Email,
5150,Email,
5151,Social Media,
5152,Live Chat,
5153,Phone,
5154,Email,
5155,Live Chat,
5156,Email,
5157,Email,
5158,Phone,
5159,Social Media,
5160,Live Chat,
5161,Email,
5162,Social Media,
5163,Live Chat,
5164,Email,
5165,Social Media,
5166,Phone,
5167,Email,
5168,Social Media,
5169,Phone,
5170,Social Media,
5171,Email,
5172,Phone,
5173,Email,
5174,Social Media,
5175,Social Media,
5176,Email,
5177,Email,
5178,Live Chat,
5179,Live Chat,
5180,Email,
5181,Social Media,
5182,Social Media,
5183,Social Media,
5184,Live Chat,
5185,Social Media,
5186,Live Chat,
5187,Social Media,
5188,Email,
5189,Social Media,
5190,Email,
5191,Email,
5192,Social Media,
5193,Live Chat,
5194,Live Chat,
5195,Live Chat,
5196,Social Media,
5197,Email,
5198,Live Chat,
5199,Live Chat,
5200,Phone,
5201,Social Media,
5202,Social Media,
5203,Social Media,
5204,Phone,
5205,Email,
5206,Email,
5207,Live Chat,
5208,Phone,
5209,Phone,
5210,Email,
5211,Live Chat,
5212,Social Media,
5213,Social Media,
5214,Social Media,
5215,Email,
5216,Social Media,
5217,Live Chat,
5218,Phone,
5219,Live Chat,
5220,Phone,
5221,Social Media,
5222,Phone,
5223,Social Media,
5224,Phone,
5225,Email,
5226,Email,
5227,Email,
5228,Live Chat,
5229,Email,
5230,Phone,
5231,Social Media,
5232,Email,
5233,Social Media,
5234,Phone,
5235,Email,
5236,Live Chat,
5237,Live Chat,
5238,Phone,
5239,Email,
5240,Email,
5241,Phone,
5242,Live Chat,
5243,Email,
5244,Email,
5245,Email,
5246,Social Media,
5247,Social Media,
5248,Live Chat,
5249,Email,
5250,Live Chat,
5251,Social Media,
5252,Social Media,
5253,Email,
5254,Live Chat,
5255,Phone,
5256,Live Chat,
5257,Phone,
5258,Email,
5259,Social Media,
5260,Email,
5261,Social Media,
5262,Email,
5263,Phone,
5264,Email,
5265,Live Chat,
5266,Live Chat,
5267,Phone,
5268,Live Chat,
5269,Phone,
5270,Phone,
5271,Social Media,
5272,Social Media,
5273,Email,
5274,Social Media,
5275,Phone,
5276,Social Media,
5277,Live Chat,
5278,Live Chat,
5279,Email,
5280,Phone,
5281,Email,
5282,Email,
5283,Social Media,
5284,Email,
5285,Social Media,
5286,Social Media,
5287,Email,
5288,Email,
5289,Phone,
5290,Social Media,
5291,Live Chat,
5292,Phone,
5293,Social Media,
5294,Social Media,
5295,Social Media,
5296,Social Media,
5297,Social Media,
5298,Phone,
5299,Social Media,
5300,Email,
5301,Live Chat,
5302,Phone,
5303,Phone,
5304,Live Chat,
5305,Phone,
5306,Social Media,
5307,Social Media,
5308,Live Chat,
5309,Phone,
5310,Email,
5311,Live Chat,
5312,Phone,
5313,Phone,
5314,Live Chat,
5315,Social Media,
5316,Live Chat,
5317,Live Chat,
5318,Live Chat,
5319,Live Chat,
5320,Live Chat,
5321,Social Media,
5322,Email,
5323,Social Media,
5324,Email,
5325,Social Media,
5326,Live Chat,
5327,Phone,
5328,Email,
5329,Email,
5330,Phone,
5331,Email,
5332,Social Media,
5333,Email,
5334,Social Media,
5335,Live Chat,
5336,Email,
5337,Email,
5338,Email,
5339,Social Media,
5340,Live Chat,
5341,Phone,
5342,Phone,
5343,Phone,
5344,Social Media,
5345,Phone,
5346,Email,
5347,Live Chat,
5348,Live Chat,
5349,Social Media,
5350,Email,
5351,Phone,
5352,Live Chat,
5353,Email,
5354,Email,
5355,Social Media,
5356,Social Media,
5357,Email,
5358,Social Media,
5359,Email,
5360,Social Media,
5361,Live Chat,
5362,Social Media,
5363,Email,
5364,Live Chat,
5365,Email,
5366,Email,
5367,Social Media,
5368,Live Chat,
5369,Email,
5370,Phone,
5371,Social Media,
5372,Live Chat,
5373,Live Chat,
5374,Email,
5375,Live Chat,
5376,Live Chat,
5377,Phone,
5378,Live Chat,
5379,Phone,
5380,Social Media,
5381,Social Media,
5382,Social Media,
5383,Live Chat,
5384,Social Media,
5385,Phone,
5386,Live Chat,
5387,Live Chat,
5388,Phone,
5389,Phone,
5390,Phone,
5391,Social Media,
5392,Live Chat,
5393,Email,
5394,Email,
5395,Live Chat,
5396,Live Chat,
5397,Phone,
5398,Social Media,
5399,Phone,
5400,Phone,
5401,Email,
5402,Social Media,
5403,Live Chat,
5404,Live Chat,
5405,Email,
5406,Phone,
5407,Social Media,
5408,Phone,
5409,Social Media,
5410,Phone,
5411,Social Media,
5412,Phone,
5413,Email,
5414,Social Media,
5415,Phone,
5416,Social Media,
5417,Phone,
5418,Email,
5419,Social Media,
5420,Phone,
5421,Email,
5422,Phone,
5423,Live Chat,
5424,Phone,
5425,Live Chat,
5426,Email,
5427,Phone,
5428,Social Media,
5429,Social Media,
5430,Social Media,
5431,Social Media,
5432,Phone,
5433,Phone,
5434,Live Chat,
5435,Phone,
5436,Email,
5437,Social Media,
5438,Phone,
5439,Email,
5440,Live Chat,
5441,Email,
5442,Live Chat,
5443,Social Media,
5444,Live Chat,
5445,Live Chat,
5446,Email,
5447,Social Media,
5448,Email,
5449,Social Media,
5450,Email,
5451,Phone,
5452,Email,
5453,Live Chat,
5454,Email,
5455,Live Chat,
5456,Email,
5457,Email,
5458,Live Chat,
5459,Social Media,
5460,Email,
5461,Phone,
5462,Phone,
5463,Live Chat,
5464,Live Chat,
5465,Live Chat,
5466,Phone,
5467,Live Chat,
5468,Live Chat,
5469,Social Media,
5470,Phone,
5471,Social Media,
5472,Social Media,
5473,Live Chat,
5474,Social Media,
5475,Email,
5476,Email,
5477,Email,
5478,Social Media,
5479,Email,
5480,Phone,
5481,Email,
5482,Email,
5483,Social Media,
5484,Phone,
5485,Social Media,
5486,Phone,
5487,Phone,
5488,Social Media,
5489,Email,
5490,Live Chat,
5491,Live Chat,
5492,Email,
5493,Live Chat,
5494,Live Chat,
5495,Phone,
5496,Social Media,
5497,Social Media,
5498,Email,
5499,Email,
5500,Social Media,
5501,Live Chat,
5502,Email,
5503,Phone,
5504,Social Media,
5505,Live Chat,
5506,Phone,
5507,Social Media,
5508,Social Media,
5509,Live Chat,
5510,Email,
5511,Phone,
5512,Phone,
5513,Phone,
5514,Social Media,
5515,Live Chat,
5516,Live Chat,
5517,Social Media,
5518,Phone,
5519,Phone,
5520,Live Chat,
5521,Email,
5522,Social Media,
5523,Email,
5524,Phone,
5525,Social Media,
5526,Social Media,
5527,Email,
5528,Social Media,
5529,Live Chat,
5530,Email,
5531,Live Chat,
5532,Phone,
5533,Email,
5534,Social Media,
5535,Email,
5536,Live Chat,
5537,Live Chat,
5538,Phone,
5539,Social Media,
5540,Social Media,
5541,Phone,
5542,Live Chat,
5543,Social Media,
5544,Social Media,
5545,Live Chat,
5546,Phone,
5547,Live Chat,
5548,Social Media,
5549,Email,
5550,Phone,
5551,Email,
5552,Live Chat,
5553,Phone,
5554,Phone,
5555,Phone,
5556,Live Chat,
5557,Phone,
5558,Phone,
5559,Social Media,
5560,Phone,
5561,Social Media,
5562,Phone,
5563,Live Chat,
5564,Phone,
5565,Phone,
5566,Live Chat,
5567,Phone,
5568,Email,
5569,Phone,
5570,Phone,
5571,Social Media,
5572,Social Media,
5573,Email,
5574,Live Chat,
5575,Phone,
5576,Social Media,
5577,Email,
5578,Live Chat,
5579,Social Media,
5580,Live Chat,
5581,Email,
5582,Live Chat,
5583,Live Chat,
5584,Email,
5585,Live Chat,
5586,Email,
5587,Live Chat,
5588,Social Media,
5589,Social Media,
5590,Social Media,
5591,Social Media,
5592,Email,
5593,Live Chat,
5594,Email,
5595,Phone,
5596,Live Chat,
5597,Email,
5598,Live Chat,
5599,Live Chat,
5600,Phone,
5601,Social Media,
5602,Live Chat,
5603,Live Chat,
5604,Phone,
5605,Email,
5606,Social Media,
5607,Email,
5608,Email,
5609,Email,
5610,Social Media,
5611,Email,
5612,Email,
5613,Social Media,
5614,Social Media,
5615,Phone,
5616,Email,
5617,Phone,
5618,Live Chat,
5619,Phone,
5620,Phone,
5621,Phone,
5622,Phone,
5623,Email,
5624,Live Chat,
5625,Live Chat,
5626,Social Media,
5627,Live Chat,
5628,Phone,
5629,Social Media,
5630,Phone,
5631,Email,
5632,Email,
5633,Live Chat,
5634,Phone,
5635,Phone,
5636,Phone,
5637,Social Media,
5638,Social Media,
5639,Social Media,
5640,Live Chat,
5641,Live Chat,
5642,Phone,
5643,Phone,
5644,Live Chat,
5645,Social Media,
5646,Social Media,
5647,Social Media,
5648,Social Media,
5649,Social Media,
5650,Live Chat,
5651,Email,
5652,Email,
5653,Email,
5654,Phone,
5655,Phone,
5656,Social Media,
5657,Phone,
5658,Live Chat,
5659,Email,
5660,Live Chat,
5661,Live Chat,
5662,Live Chat,
5663,Social Media,
5664,Social Media,
5665,Social Media,
5666,Phone,
5667,Social Media,
5668,Phone,
5669,Live Chat,
5670,Email,
5671,Social Media,
5672,Phone,
5673,Phone,
5674,Social Media,
5675,Social Media,
5676,Live Chat,
5677,Phone,
5678,Email,
5679,Live Chat,
5680,Phone,
5681,Live Chat,
5682,Live Chat,
5683,Social Media,
5684,Email,
5685,Email,
5686,Phone,
5687,Live Chat,
5688,Social Media,
5689,Phone,
5690,Phone,
5691,Phone,
5692,Email,
5693,Live Chat,
5694,Live Chat,
5695,Social Media,
5696,Email,
5697,Email,
5698,Phone,
5699,Social Media,
5700,Phone,
5701,Social Media,
5702,Social Media,
5703,Email,
5704,Email,
5705,Live Chat,
5706,Live Chat,
5707,Live Chat,
5708,Email,
5709,Phone,
5710,Social Media,
5711,Social Media,
5712,Live Chat,
5713,Social Media,
5714,Social Media,
5715,Email,
5716,Email,
5717,Social Media,
5718,Phone,
5719,Live Chat,
5720,Social Media,
5721,Social Media,
5722,Live Chat,
5723,Email,
5724,Live Chat,
5725,Phone,
5726,Social Media,
5727,Social Media,
5728,Social Media,
5729,Live Chat,
5730,Phone,
5731,Social Media,
5732,Email,
5733,Phone,
5734,Phone,
5735,Phone,
5736,Phone,
5737,Email,
5738,Phone,
5739,Email,
5740,Live Chat,
5741,Live Chat,
5742,Live Chat,
5743,Live Chat,
5744,Email,
5745,Social Media,
5746,Email,
5747,Live Chat,
5748,Social Media,
5749,Social Media,
5750,Social Media,
5751,Social Media,
5752,Phone,
5753,Live Chat,
5754,Live Chat,
5755,Live Chat,
5756,Email,
5757,Live Chat,
5758,Live Chat,
5759,Live Chat,
5760,Email,
5761,Live Chat,
5762,Live Chat,
5763,Phone,
5764,Live Chat,
5765,Social Media,
5766,Email,
5767,Social Media,
5768,Phone,
5769,Live Chat,
5770,Email,
5771,Phone,
5772,Email,
5773,Social Media,
5774,Phone,
5775,Email,
5776,Social Media,
5777,Phone,
5778,Live Chat,
5779,Live Chat,
5780,Social Media,
5781,Live Chat,
5782,Live Chat,
5783,Phone,
5784,Phone,
5785,Phone,
5786,Phone,
5787,Phone,
5788,Phone,
5789,Live Chat,
5790,Phone,
5791,Email,
5792,Email,
5793,Social Media,
5794,Email,
5795,Phone,
5796,Live Chat,
5797,Email,
5798,Phone,
5799,Phone,
5800,Live Chat,
5801,Phone,
5802,Phone,
5803,Email,
5804,Email,
5805,Social Media,
5806,Social Media,
5807,Email,
5808,Email,
5809,Social Media,
5810,Social Media,
5811,Email,
5812,Phone,
5813,Phone,
5814,Live Chat,
5815,Email,
5816,Email,
5817,Email,
5818,Email,
5819,Email,
5820,Social Media,
5821,Social Media,
5822,Phone,
5823,Phone,
5824,Email,
5825,Social Media,
5826,Phone,
5827,Email,
5828,Live Chat,
5829,Email,
5830,Live Chat,
5831,Live Chat,
5832,Email,
5833,Email,
5834,Email,
5835,Email,
5836,Phone,
5837,Phone,
5838,Live Chat,
5839,Email,
5840,Phone,
5841,Phone,
5842,Social Media,
5843,Social Media,
5844,Phone,
5845,Live Chat,
5846,Phone,
5847,Email,
5848,Phone,
5849,Social Media,
5850,Social Media,
5851,Email,
5852,Phone,
5853,Email,
5854,Live Chat,
5855,Social Media,
5856,Phone,
5857,Phone,
5858,Live Chat,
5859,Live Chat,
5860,Social Media,
5861,Live Chat,
5862,Social Media,
5863,Social Media,
5864,Email,
5865,Email,
5866,Social Media,
5867,Phone,
5868,Email,
5869,Phone,
5870,Live Chat,
5871,Phone,
5872,Live Chat,
5873,Social Media,
5874,Social Media,
5875,Social Media,
5876,Live Chat,
5877,Phone,
5878,Email,
5879,Email,
5880,Phone,
5881,Email,
5882,Live Chat,
5883,Live Chat,
5884,Email,
5885,Email,
5886,Live Chat,
5887,Phone,
5888,Email,
5889,Email,
5890,Social Media,
5891,Social Media,
5892,Phone,
5893,Live Chat,
5894,Phone,
5895,Phone,
5896,Phone,
5897,Email,
5898,Live Chat,
5899,Live Chat,
5900,Email,
5901,Phone,
5902,Social Media,
5903,Email,
5904,Phone,
5905,Phone,
5906,Phone,
5907,Phone,
5908,Social Media,
5909,Social Media,
5910,Email,
5911,Phone,
5912,Email,
5913,Phone,
5914,Social Media,
5915,Email,
5916,Live Chat,
5917,Email,
5918,Live Chat,
5919,Email,
5920,Social Media,
5921,Live Chat,
5922,Social Media,
5923,Email,
5924,Social Media,
5925,Phone,
5926,Live Chat,
5927,Phone,
5928,Live Chat,
5929,Social Media,
5930,Social Media,
5931,Phone,
5932,Phone,
5933,Email,
5934,Phone,
5935,Live Chat,
5936,Live Chat,
5937,Live Chat,
5938,Email,
5939,Email,
5940,Live Chat,
5941,Phone,
5942,Social Media,
5943,Email,
5944,Phone,
5945,Email,
5946,Email,
5947,Social Media,
5948,Email,
5949,Email,
5950,Social Media,
5951,Live Chat,
5952,Email,
5953,Email,
5954,Live Chat,
5955,Live Chat,
5956,Live Chat,
5957,Live Chat,
5958,Phone,
5959,Live Chat,
5960,Live Chat,
5961,Live Chat,
5962,Phone,
5963,Social Media,
5964,Live Chat,
5965,Phone,
5966,Email,
5967,Social Media,
5968,Phone,
5969,Live Chat,
5970,Social Media,
5971,Phone,
5972,Phone,
5973,Phone,
5974,Phone,
5975,Phone,
5976,Phone,
5977,Phone,
5978,Phone,
5979,Email,
5980,Email,
5981,Live Chat,
5982,Live Chat,
5983,Live Chat,
5984,Live Chat,
5985,Live Chat,
5986,Live Chat,
5987,Email,
5988,Email,
5989,Email,
5990,Phone,
5991,Phone,
5992,Live Chat,
5993,Social Media,
5994,Email,
5995,Social Media,
5996,Live Chat,
5997,Email,
5998,Social Media,
5999,Email,
6000,Social Media,
