Status_ID,Status_Name,,
1,Resolved,,
2,Escalated,,
3,Closed,,
4,Open,,
5,Open,,
6,Open,,
7,Open,,
8,Pending,,
9,Pending,,
10,Escalated,,
11,Pending,,
12,Escalated,,
13,Escalated,,
14,Open,,
15,Open,,
16,Pending,,
17,Pending,,
18,Escalated,,
19,Resolved,,
20,Open,,
21,Closed,,
22,Resolved,,
23,Open,,
24,Open,,
25,Pending,,
26,Closed,,
27,Closed,,
28,Open,,
29,Escalated,,
30,Closed,,
31,Resolved,,
32,Escalated,,
33,Pending,,
34,Open,,
35,Open,,
36,Resolved,,
37,Resolved,,
38,Pending,,
39,Pending,,
40,Closed,,
41,Escalated,,
42,Open,,
43,Closed,,
44,Pending,,
45,Resolved,,
46,Closed,,
47,Resolved,,
48,Escalated,,
49,Resolved,,
50,Open,,
51,Escalated,,
52,Resolved,,
53,Closed,,
54,Open,,
55,Open,,
56,Pending,,
57,Pending,,
58,Closed,,
59,Pending,,
60,Resolved,,
61,Pending,,
62,Open,,
63,Closed,,
64,Resolved,,
65,Open,,
66,Open,,
67,Escalated,,
68,Pending,,
69,Resolved,,
70,Closed,,
71,Closed,,
72,Closed,,
73,Escalated,,
74,Resolved,,
75,Open,,
76,Escalated,,
77,Pending,,
78,Open,,
79,Closed,,
80,Pending,,
81,Resolved,,
82,Resolved,,
83,Escalated,,
84,Resolved,,
85,Closed,,
86,Escalated,,
87,Escalated,,
88,Closed,,
89,Resolved,,
90,Pending,,
91,Escalated,,
92,Pending,,
93,Pending,,
94,Pending,,
95,Pending,,
96,Closed,,
97,Open,,
98,Resolved,,
99,Open,,
100,Open,,
101,Escalated,,
102,Open,,
103,Open,,
104,Closed,,
105,Pending,,
106,Open,,
107,Open,,
108,Escalated,,
109,Resolved,,
110,Escalated,,
111,Resolved,,
112,Resolved,,
113,Resolved,,
114,Closed,,
115,Closed,,
116,Pending,,
117,Resolved,,
118,Closed,,
119,Closed,,
120,Open,,
121,Resolved,,
122,Escalated,,
123,Open,,
124,Closed,,
125,Closed,,
126,Closed,,
127,Closed,,
128,Escalated,,
129,Pending,,
130,Pending,,
131,Resolved,,
132,Closed,,
133,Resolved,,
134,Escalated,,
135,Resolved,,
136,Pending,,
137,Pending,,
138,Pending,,
139,Resolved,,
140,Closed,,
141,Open,,
142,Pending,,
143,Resolved,,
144,Open,,
145,Pending,,
146,Pending,,
147,Escalated,,
148,Pending,,
149,Open,,
150,Open,,
151,Closed,,
152,Open,,
153,Resolved,,
154,Resolved,,
155,Pending,,
156,Closed,,
157,Pending,,
158,Closed,,
159,Escalated,,
160,Closed,,
161,Escalated,,
162,Escalated,,
163,Pending,,
164,Resolved,,
165,Closed,,
166,Pending,,
167,Escalated,,
168,Escalated,,
169,Open,,
170,Open,,
171,Closed,,
172,Resolved,,
173,Open,,
174,Escalated,,
175,Pending,,
176,Resolved,,
177,Closed,,
178,Pending,,
179,Closed,,
180,Pending,,
181,Pending,,
182,Resolved,,
183,Closed,,
184,Open,,
185,Pending,,
186,Pending,,
187,Open,,
188,Resolved,,
189,Resolved,,
190,Resolved,,
191,Escalated,,
192,Escalated,,
193,Resolved,,
194,Resolved,,
195,Open,,
196,Escalated,,
197,Closed,,
198,Resolved,,
199,Resolved,,
200,Resolved,,
201,Pending,,
202,Escalated,,
203,Closed,,
204,Pending,,
205,Pending,,
206,Closed,,
207,Closed,,
208,Closed,,
209,Closed,,
210,Closed,,
211,Resolved,,
212,Closed,,
213,Closed,,
214,Escalated,,
215,Resolved,,
216,Pending,,
217,Resolved,,
218,Open,,
219,Closed,,
220,Pending,,
221,Open,,
222,Pending,,
223,Resolved,,
224,Open,,
225,Closed,,
226,Closed,,
227,Open,,
228,Resolved,,
229,Open,,
230,Resolved,,
231,Pending,,
232,Resolved,,
233,Open,,
234,Open,,
235,Pending,,
236,Open,,
237,Escalated,,
238,Open,,
239,Escalated,,
240,Open,,
241,Open,,
242,Pending,,
243,Escalated,,
244,Pending,,
245,Escalated,,
246,Escalated,,
247,Closed,,
248,Escalated,,
249,Pending,,
250,Pending,,
251,Resolved,,
252,Open,,
253,Closed,,
254,Open,,
255,Pending,,
256,Closed,,
257,Escalated,,
258,Pending,,
259,Pending,,
260,Pending,,
261,Pending,,
262,Closed,,
263,Open,,
264,Open,,
265,Escalated,,
266,Pending,,
267,Pending,,
268,Open,,
269,Escalated,,
270,Resolved,,
271,Closed,,
272,Open,,
273,Closed,,
274,Open,,
275,Escalated,,
276,Pending,,
277,Resolved,,
278,Closed,,
279,Resolved,,
280,Pending,,
281,Open,,
282,Escalated,,
283,Pending,,
284,Resolved,,
285,Resolved,,
286,Resolved,,
287,Open,,
288,Resolved,,
289,Open,,
290,Resolved,,
291,Closed,,
292,Closed,,
293,Pending,,
294,Pending,,
295,Escalated,,
296,Resolved,,
297,Resolved,,
298,Open,,
299,Pending,,
300,Closed,,
301,Open,,
302,Closed,,
303,Open,,
304,Pending,,
305,Resolved,,
306,Resolved,,
307,Pending,,
308,Closed,,
309,Escalated,,
310,Escalated,,
311,Pending,,
312,Open,,
313,Resolved,,
314,Closed,,
315,Escalated,,
316,Resolved,,
317,Pending,,
318,Resolved,,
319,Escalated,,
320,Closed,,
321,Open,,
322,Open,,
323,Resolved,,
324,Open,,
325,Escalated,,
326,Closed,,
327,Open,,
328,Open,,
329,Pending,,
330,Open,,
331,Open,,
332,Escalated,,
333,Open,,
334,Pending,,
335,Pending,,
336,Pending,,
337,Open,,
338,Resolved,,
339,Resolved,,
340,Escalated,,
341,Resolved,,
342,Escalated,,
343,Escalated,,
344,Pending,,
345,Closed,,
346,Escalated,,
347,Open,,
348,Pending,,
349,Open,,
350,Open,,
351,Resolved,,
352,Open,,
353,Escalated,,
354,Open,,
355,Open,,
356,Resolved,,
357,Open,,
358,Escalated,,
359,Escalated,,
360,Open,,
361,Escalated,,
362,Escalated,,
363,Resolved,,
364,Pending,,
365,Pending,,
366,Closed,,
367,Pending,,
368,Open,,
369,Escalated,,
370,Pending,,
371,Resolved,,
372,Closed,,
373,Open,,
374,Pending,,
375,Escalated,,
376,Resolved,,
377,Pending,,
378,Escalated,,
379,Pending,,
380,Open,,
381,Closed,,
382,Escalated,,
383,Closed,,
384,Closed,,
385,Resolved,,
386,Escalated,,
387,Resolved,,
388,Closed,,
389,Open,,
390,Open,,
391,Pending,,
392,Pending,,
393,Escalated,,
394,Open,,
395,Closed,,
396,Open,,
397,Escalated,,
398,Pending,,
399,Pending,,
400,Resolved,,
401,Pending,,
402,Closed,,
403,Escalated,,
404,Pending,,
405,Pending,,
406,Closed,,
407,Pending,,
408,Closed,,
409,Pending,,
410,Closed,,
411,Pending,,
412,Escalated,,
413,Resolved,,
414,Resolved,,
415,Open,,
416,Resolved,,
417,Closed,,
418,Closed,,
419,Resolved,,
420,Closed,,
421,Escalated,,
422,Closed,,
423,Escalated,,
424,Escalated,,
425,Escalated,,
426,Pending,,
427,Open,,
428,Closed,,
429,Pending,,
430,Open,,
431,Pending,,
432,Closed,,
433,Escalated,,
434,Pending,,
435,Open,,
436,Open,,
437,Open,,
438,Pending,,
439,Open,,
440,Resolved,,
441,Open,,
442,Open,,
443,Pending,,
444,Closed,,
445,Pending,,
446,Pending,,
447,Resolved,,
448,Closed,,
449,Pending,,
450,Resolved,,
451,Pending,,
452,Resolved,,
453,Escalated,,
454,Open,,
455,Open,,
456,Pending,,
457,Resolved,,
458,Escalated,,
459,Open,,
460,Pending,,
461,Pending,,
462,Resolved,,
463,Closed,,
464,Pending,,
465,Escalated,,
466,Escalated,,
467,Closed,,
468,Escalated,,
469,Resolved,,
470,Pending,,
471,Resolved,,
472,Closed,,
473,Closed,,
474,Resolved,,
475,Open,,
476,Closed,,
477,Pending,,
478,Closed,,
479,Resolved,,
480,Resolved,,
481,Escalated,,
482,Open,,
483,Resolved,,
484,Escalated,,
485,Escalated,,
486,Pending,,
487,Escalated,,
488,Open,,
489,Pending,,
490,Resolved,,
491,Resolved,,
492,Escalated,,
493,Closed,,
494,Open,,
495,Open,,
496,Escalated,,
497,Open,,
498,Pending,,
499,Escalated,,
500,Closed,,
501,Resolved,,
502,Open,,
503,Resolved,,
504,Closed,,
505,Closed,,
506,Pending,,
507,Closed,,
508,Closed,,
509,Open,,
510,Resolved,,
511,Open,,
512,Open,,
513,Escalated,,
514,Escalated,,
515,Pending,,
516,Pending,,
517,Closed,,
518,Pending,,
519,Pending,,
520,Closed,,
521,Resolved,,
522,Closed,,
523,Closed,,
524,Resolved,,
525,Closed,,
526,Escalated,,
527,Pending,,
528,Closed,,
529,Open,,
530,Pending,,
531,Escalated,,
532,Escalated,,
533,Closed,,
534,Resolved,,
535,Open,,
536,Closed,,
537,Resolved,,
538,Escalated,,
539,Pending,,
540,Escalated,,
541,Closed,,
542,Resolved,,
543,Closed,,
544,Escalated,,
545,Open,,
546,Escalated,,
547,Closed,,
548,Resolved,,
549,Closed,,
550,Pending,,
551,Pending,,
552,Resolved,,
553,Escalated,,
554,Closed,,
555,Pending,,
556,Open,,
557,Pending,,
558,Escalated,,
559,Resolved,,
560,Open,,
561,Closed,,
562,Closed,,
563,Resolved,,
564,Open,,
565,Open,,
566,Open,,
567,Resolved,,
568,Resolved,,
569,Closed,,
570,Pending,,
571,Escalated,,
572,Closed,,
573,Open,,
574,Pending,,
575,Escalated,,
576,Open,,
577,Resolved,,
578,Pending,,
579,Resolved,,
580,Escalated,,
581,Escalated,,
582,Open,,
583,Resolved,,
584,Closed,,
585,Closed,,
586,Resolved,,
587,Escalated,,
588,Pending,,
589,Resolved,,
590,Open,,
591,Closed,,
592,Open,,
593,Pending,,
594,Closed,,
595,Closed,,
596,Closed,,
597,Open,,
598,Escalated,,
599,Open,,
600,Escalated,,
601,Resolved,,
602,Closed,,
603,Open,,
604,Pending,,
605,Pending,,
606,Escalated,,
607,Escalated,,
608,Closed,,
609,Escalated,,
610,Pending,,
611,Open,,
612,Open,,
613,Escalated,,
614,Escalated,,
615,Pending,,
616,Resolved,,
617,Open,,
618,Escalated,,
619,Closed,,
620,Escalated,,
621,Escalated,,
622,Open,,
623,Escalated,,
624,Closed,,
625,Closed,,
626,Closed,,
627,Pending,,
628,Closed,,
629,Open,,
630,Resolved,,
631,Escalated,,
632,Escalated,,
633,Escalated,,
634,Closed,,
635,Closed,,
636,Closed,,
637,Resolved,,
638,Resolved,,
639,Resolved,,
640,Resolved,,
641,Resolved,,
642,Escalated,,
643,Escalated,,
644,Resolved,,
645,Escalated,,
646,Resolved,,
647,Resolved,,
648,Resolved,,
649,Escalated,,
650,Pending,,
651,Pending,,
652,Pending,,
653,Open,,
654,Pending,,
655,Pending,,
656,Pending,,
657,Closed,,
658,Resolved,,
659,Escalated,,
660,Closed,,
661,Resolved,,
662,Pending,,
663,Pending,,
664,Closed,,
665,Escalated,,
666,Closed,,
667,Closed,,
668,Resolved,,
669,Open,,
670,Escalated,,
671,Escalated,,
672,Closed,,
673,Closed,,
674,Pending,,
675,Closed,,
676,Resolved,,
677,Pending,,
678,Open,,
679,Resolved,,
680,Escalated,,
681,Escalated,,
682,Resolved,,
683,Closed,,
684,Closed,,
685,Closed,,
686,Escalated,,
687,Resolved,,
688,Closed,,
689,Pending,,
690,Escalated,,
691,Resolved,,
692,Resolved,,
693,Resolved,,
694,Resolved,,
695,Open,,
696,Pending,,
697,Open,,
698,Closed,,
699,Open,,
700,Open,,
701,Escalated,,
702,Resolved,,
703,Open,,
704,Resolved,,
705,Pending,,
706,Open,,
707,Escalated,,
708,Escalated,,
709,Closed,,
710,Open,,
711,Pending,,
712,Resolved,,
713,Open,,
714,Closed,,
715,Escalated,,
716,Open,,
717,Closed,,
718,Pending,,
719,Resolved,,
720,Pending,,
721,Pending,,
722,Resolved,,
723,Open,,
724,Resolved,,
725,Closed,,
726,Pending,,
727,Resolved,,
728,Escalated,,
729,Resolved,,
730,Resolved,,
731,Closed,,
732,Pending,,
733,Closed,,
734,Closed,,
735,Escalated,,
736,Closed,,
737,Closed,,
738,Escalated,,
739,Open,,
740,Closed,,
741,Resolved,,
742,Closed,,
743,Pending,,
744,Resolved,,
745,Resolved,,
746,Open,,
747,Pending,,
748,Pending,,
749,Pending,,
750,Closed,,
751,Closed,,
752,Resolved,,
753,Open,,
754,Closed,,
755,Closed,,
756,Open,,
757,Pending,,
758,Resolved,,
759,Closed,,
760,Open,,
761,Open,,
762,Pending,,
763,Escalated,,
764,Escalated,,
765,Escalated,,
766,Escalated,,
767,Closed,,
768,Open,,
769,Resolved,,
770,Closed,,
771,Escalated,,
772,Resolved,,
773,Resolved,,
774,Escalated,,
775,Resolved,,
776,Closed,,
777,Pending,,
778,Closed,,
779,Closed,,
780,Pending,,
781,Escalated,,
782,Escalated,,
783,Pending,,
784,Closed,,
785,Open,,
786,Resolved,,
787,Resolved,,
788,Resolved,,
789,Open,,
790,Closed,,
791,Escalated,,
792,Pending,,
793,Resolved,,
794,Open,,
795,Pending,,
796,Closed,,
797,Open,,
798,Open,,
799,Pending,,
800,Pending,,
801,Resolved,,
802,Closed,,
803,Pending,,
804,Resolved,,
805,Resolved,,
806,Pending,,
807,Open,,
808,Open,,
809,Open,,
810,Resolved,,
811,Open,,
812,Closed,,
813,Open,,
814,Open,,
815,Resolved,,
816,Escalated,,
817,Closed,,
818,Resolved,,
819,Closed,,
820,Closed,,
821,Open,,
822,Closed,,
823,Open,,
824,Closed,,
825,Escalated,,
826,Closed,,
827,Pending,,
828,Open,,
829,Escalated,,
830,Open,,
831,Escalated,,
832,Open,,
833,Pending,,
834,Pending,,
835,Escalated,,
836,Resolved,,
837,Open,,
838,Resolved,,
839,Closed,,
840,Pending,,
841,Open,,
842,Pending,,
843,Closed,,
844,Escalated,,
845,Open,,
846,Open,,
847,Open,,
848,Escalated,,
849,Pending,,
850,Escalated,,
851,Pending,,
852,Open,,
853,Escalated,,
854,Closed,,
855,Escalated,,
856,Pending,,
857,Open,,
858,Pending,,
859,Resolved,,
860,Open,,
861,Closed,,
862,Closed,,
863,Resolved,,
864,Pending,,
865,Closed,,
866,Pending,,
867,Open,,
868,Escalated,,
869,Open,,
870,Pending,,
871,Resolved,,
872,Open,,
873,Closed,,
874,Open,,
875,Open,,
876,Open,,
877,Resolved,,
878,Pending,,
879,Resolved,,
880,Closed,,
881,Pending,,
882,Closed,,
883,Pending,,
884,Pending,,
885,Open,,
886,Open,,
887,Resolved,,
888,Pending,,
889,Closed,,
890,Open,,
891,Closed,,
892,Open,,
893,Pending,,
894,Closed,,
895,Resolved,,
896,Resolved,,
897,Resolved,,
898,Open,,
899,Open,,
900,Resolved,,
901,Closed,,
902,Open,,
903,Resolved,,
904,Open,,
905,Escalated,,
906,Closed,,
907,Pending,,
908,Closed,,
909,Pending,,
910,Resolved,,
911,Open,,
912,Resolved,,
913,Pending,,
914,Escalated,,
915,Pending,,
916,Open,,
917,Escalated,,
918,Open,,
919,Escalated,,
920,Open,,
921,Pending,,
922,Pending,,
923,Pending,,
924,Pending,,
925,Escalated,,
926,Closed,,
927,Closed,,
928,Resolved,,
929,Closed,,
930,Resolved,,
931,Pending,,
932,Open,,
933,Closed,,
934,Closed,,
935,Pending,,
936,Pending,,
937,Closed,,
938,Pending,,
939,Closed,,
940,Open,,
941,Open,,
942,Resolved,,
943,Closed,,
944,Open,,
945,Open,,
946,Escalated,,
947,Open,,
948,Resolved,,
949,Open,,
950,Pending,,
951,Escalated,,
952,Closed,,
953,Resolved,,
954,Open,,
955,Closed,,
956,Open,,
957,Escalated,,
958,Closed,,
959,Pending,,
960,Pending,,
961,Closed,,
962,Pending,,
963,Resolved,,
964,Escalated,,
965,Resolved,,
966,Closed,,
967,Resolved,,
968,Escalated,,
969,Escalated,,
970,Closed,,
971,Resolved,,
972,Escalated,,
973,Closed,,
974,Escalated,,
975,Open,,
976,Open,,
977,Escalated,,
978,Closed,,
979,Open,,
980,Escalated,,
981,Pending,,
982,Resolved,,
983,Escalated,,
984,Open,,
985,Escalated,,
986,Closed,,
987,Open,,
988,Closed,,
989,Closed,,
990,Closed,,
991,Escalated,,
992,Open,,
993,Closed,,
994,Pending,,
995,Resolved,,
996,Escalated,,
997,Pending,,
998,Open,,
999,Resolved,,
1000,Closed,,
1001,Pending,,
1002,Pending,,
1003,Closed,,
1004,Closed,,
1005,Pending,,
1006,Open,,
1007,Escalated,,
1008,Open,,
1009,Open,,
1010,Escalated,,
1011,Open,,
1012,Resolved,,
1013,Closed,,
1014,Pending,,
1015,Escalated,,
1016,Open,,
1017,Pending,,
1018,Resolved,,
1019,Open,,
1020,Open,,
1021,Open,,
1022,Resolved,,
1023,Closed,,
1024,Pending,,
1025,Open,,
1026,Open,,
1027,Resolved,,
1028,Resolved,,
1029,Pending,,
1030,Pending,,
1031,Open,,
1032,Open,,
1033,Open,,
1034,Open,,
1035,Open,,
1036,Resolved,,
1037,Closed,,
1038,Pending,,
1039,Resolved,,
1040,Escalated,,
1041,Escalated,,
1042,Escalated,,
1043,Pending,,
1044,Open,,
1045,Escalated,,
1046,Escalated,,
1047,Closed,,
1048,Resolved,,
1049,Pending,,
1050,Pending,,
1051,Closed,,
1052,Escalated,,
1053,Closed,,
1054,Open,,
1055,Escalated,,
1056,Pending,,
1057,Resolved,,
1058,Closed,,
1059,Closed,,
1060,Pending,,
1061,Escalated,,
1062,Escalated,,
1063,Escalated,,
1064,Resolved,,
1065,Resolved,,
1066,Escalated,,
1067,Resolved,,
1068,Closed,,
1069,Escalated,,
1070,Resolved,,
1071,Closed,,
1072,Closed,,
1073,Resolved,,
1074,Escalated,,
1075,Escalated,,
1076,Resolved,,
1077,Resolved,,
1078,Open,,
1079,Closed,,
1080,Escalated,,
1081,Pending,,
1082,Closed,,
1083,Escalated,,
1084,Open,,
1085,Closed,,
1086,Closed,,
1087,Escalated,,
1088,Pending,,
1089,Resolved,,
1090,Pending,,
1091,Open,,
1092,Closed,,
1093,Escalated,,
1094,Closed,,
1095,Resolved,,
1096,Pending,,
1097,Pending,,
1098,Open,,
1099,Escalated,,
1100,Resolved,,
1101,Resolved,,
1102,Escalated,,
1103,Open,,
1104,Resolved,,
1105,Open,,
1106,Escalated,,
1107,Escalated,,
1108,Escalated,,
1109,Resolved,,
1110,Escalated,,
1111,Resolved,,
1112,Open,,
1113,Closed,,
1114,Open,,
1115,Resolved,,
1116,Pending,,
1117,Pending,,
1118,Closed,,
1119,Escalated,,
1120,Open,,
1121,Open,,
1122,Resolved,,
1123,Closed,,
1124,Escalated,,
1125,Closed,,
1126,Pending,,
1127,Closed,,
1128,Escalated,,
1129,Escalated,,
1130,Open,,
1131,Open,,
1132,Escalated,,
1133,Open,,
1134,Open,,
1135,Open,,
1136,Escalated,,
1137,Open,,
1138,Pending,,
1139,Escalated,,
1140,Closed,,
1141,Resolved,,
1142,Resolved,,
1143,Pending,,
1144,Escalated,,
1145,Closed,,
1146,Escalated,,
1147,Closed,,
1148,Closed,,
1149,Escalated,,
1150,Open,,
1151,Resolved,,
1152,Open,,
1153,Resolved,,
1154,Open,,
1155,Escalated,,
1156,Escalated,,
1157,Closed,,
1158,Pending,,
1159,Escalated,,
1160,Resolved,,
1161,Closed,,
1162,Resolved,,
1163,Open,,
1164,Pending,,
1165,Escalated,,
1166,Open,,
1167,Closed,,
1168,Resolved,,
1169,Pending,,
1170,Escalated,,
1171,Resolved,,
1172,Escalated,,
1173,Escalated,,
1174,Resolved,,
1175,Escalated,,
1176,Closed,,
1177,Pending,,
1178,Open,,
1179,Pending,,
1180,Open,,
1181,Closed,,
1182,Pending,,
1183,Closed,,
1184,Resolved,,
1185,Open,,
1186,Resolved,,
1187,Resolved,,
1188,Pending,,
1189,Escalated,,
1190,Escalated,,
1191,Closed,,
1192,Pending,,
1193,Resolved,,
1194,Closed,,
1195,Resolved,,
1196,Closed,,
1197,Open,,
1198,Closed,,
1199,Closed,,
1200,Resolved,,
1201,Escalated,,
1202,Resolved,,
1203,Pending,,
1204,Resolved,,
1205,Escalated,,
1206,Pending,,
1207,Escalated,,
1208,Pending,,
1209,Resolved,,
1210,Escalated,,
1211,Escalated,,
1212,Open,,
1213,Open,,
1214,Closed,,
1215,Open,,
1216,Escalated,,
1217,Closed,,
1218,Resolved,,
1219,Closed,,
1220,Pending,,
1221,Closed,,
1222,Open,,
1223,Resolved,,
1224,Pending,,
1225,Closed,,
1226,Resolved,,
1227,Open,,
1228,Resolved,,
1229,Resolved,,
1230,Pending,,
1231,Escalated,,
1232,Open,,
1233,Pending,,
1234,Pending,,
1235,Pending,,
1236,Escalated,,
1237,Escalated,,
1238,Closed,,
1239,Closed,,
1240,Open,,
1241,Open,,
1242,Escalated,,
1243,Escalated,,
1244,Escalated,,
1245,Pending,,
1246,Escalated,,
1247,Pending,,
1248,Pending,,
1249,Open,,
1250,Resolved,,
1251,Closed,,
1252,Closed,,
1253,Open,,
1254,Open,,
1255,Escalated,,
1256,Escalated,,
1257,Escalated,,
1258,Pending,,
1259,Pending,,
1260,Escalated,,
1261,Pending,,
1262,Open,,
1263,Escalated,,
1264,Closed,,
1265,Closed,,
1266,Pending,,
1267,Closed,,
1268,Escalated,,
1269,Closed,,
1270,Open,,
1271,Pending,,
1272,Closed,,
1273,Pending,,
1274,Open,,
1275,Closed,,
1276,Escalated,,
1277,Resolved,,
1278,Closed,,
1279,Open,,
1280,Resolved,,
1281,Closed,,
1282,Pending,,
1283,Open,,
1284,Closed,,
1285,Open,,
1286,Escalated,,
1287,Resolved,,
1288,Resolved,,
1289,Escalated,,
1290,Resolved,,
1291,Resolved,,
1292,Escalated,,
1293,Pending,,
1294,Resolved,,
1295,Pending,,
1296,Open,,
1297,Open,,
1298,Resolved,,
1299,Open,,
1300,Escalated,,
1301,Resolved,,
1302,Escalated,,
1303,Pending,,
1304,Closed,,
1305,Closed,,
1306,Resolved,,
1307,Escalated,,
1308,Closed,,
1309,Resolved,,
1310,Closed,,
1311,Closed,,
1312,Open,,
1313,Resolved,,
1314,Closed,,
1315,Resolved,,
1316,Open,,
1317,Resolved,,
1318,Open,,
1319,Closed,,
1320,Closed,,
1321,Closed,,
1322,Open,,
1323,Pending,,
1324,Open,,
1325,Open,,
1326,Escalated,,
1327,Closed,,
1328,Closed,,
1329,Escalated,,
1330,Pending,,
1331,Resolved,,
1332,Closed,,
1333,Closed,,
1334,Open,,
1335,Pending,,
1336,Pending,,
1337,Pending,,
1338,Pending,,
1339,Escalated,,
1340,Open,,
1341,Escalated,,
1342,Escalated,,
1343,Resolved,,
1344,Open,,
1345,Pending,,
1346,Open,,
1347,Pending,,
1348,Resolved,,
1349,Closed,,
1350,Escalated,,
1351,Resolved,,
1352,Escalated,,
1353,Pending,,
1354,Pending,,
1355,Resolved,,
1356,Closed,,
1357,Closed,,
1358,Escalated,,
1359,Pending,,
1360,Pending,,
1361,Closed,,
1362,Pending,,
1363,Pending,,
1364,Resolved,,
1365,Closed,,
1366,Closed,,
1367,Open,,
1368,Closed,,
1369,Closed,,
1370,Open,,
1371,Pending,,
1372,Pending,,
1373,Escalated,,
1374,Pending,,
1375,Closed,,
1376,Escalated,,
1377,Escalated,,
1378,Pending,,
1379,Escalated,,
1380,Open,,
1381,Escalated,,
1382,Resolved,,
1383,Open,,
1384,Closed,,
1385,Pending,,
1386,Pending,,
1387,Resolved,,
1388,Pending,,
1389,Closed,,
1390,Escalated,,
1391,Pending,,
1392,Closed,,
1393,Open,,
1394,Closed,,
1395,Resolved,,
1396,Closed,,
1397,Pending,,
1398,Escalated,,
1399,Closed,,
1400,Resolved,,
1401,Open,,
1402,Resolved,,
1403,Open,,
1404,Closed,,
1405,Escalated,,
1406,Resolved,,
1407,Escalated,,
1408,Closed,,
1409,Escalated,,
1410,Escalated,,
1411,Resolved,,
1412,Closed,,
1413,Escalated,,
1414,Open,,
1415,Pending,,
1416,Open,,
1417,Escalated,,
1418,Closed,,
1419,Open,,
1420,Closed,,
1421,Open,,
1422,Closed,,
1423,Escalated,,
1424,Resolved,,
1425,Open,,
1426,Closed,,
1427,Open,,
1428,Closed,,
1429,Closed,,
1430,Resolved,,
1431,Closed,,
1432,Open,,
1433,Escalated,,
1434,Pending,,
1435,Closed,,
1436,Pending,,
1437,Escalated,,
1438,Pending,,
1439,Closed,,
1440,Open,,
1441,Resolved,,
1442,Closed,,
1443,Closed,,
1444,Resolved,,
1445,Resolved,,
1446,Resolved,,
1447,Resolved,,
1448,Resolved,,
1449,Closed,,
1450,Pending,,
1451,Open,,
1452,Closed,,
1453,Escalated,,
1454,Closed,,
1455,Closed,,
1456,Pending,,
1457,Resolved,,
1458,Escalated,,
1459,Pending,,
1460,Open,,
1461,Escalated,,
1462,Escalated,,
1463,Pending,,
1464,Escalated,,
1465,Closed,,
1466,Closed,,
1467,Resolved,,
1468,Pending,,
1469,Closed,,
1470,Escalated,,
1471,Escalated,,
1472,Closed,,
1473,Pending,,
1474,Pending,,
1475,Open,,
1476,Pending,,
1477,Closed,,
1478,Open,,
1479,Escalated,,
1480,Closed,,
1481,Resolved,,
1482,Resolved,,
1483,Pending,,
1484,Open,,
1485,Open,,
1486,Escalated,,
1487,Pending,,
1488,Open,,
1489,Closed,,
1490,Escalated,,
1491,Open,,
1492,Resolved,,
1493,Resolved,,
1494,Open,,
1495,Resolved,,
1496,Closed,,
1497,Escalated,,
1498,Closed,,
1499,Resolved,,
1500,Open,,
1501,Open,,
1502,Escalated,,
1503,Resolved,,
1504,Resolved,,
1505,Resolved,,
1506,Pending,,
1507,Open,,
1508,Resolved,,
1509,Escalated,,
1510,Pending,,
1511,Resolved,,
1512,Open,,
1513,Pending,,
1514,Closed,,
1515,Escalated,,
1516,Open,,
1517,Closed,,
1518,Open,,
1519,Escalated,,
1520,Resolved,,
1521,Closed,,
1522,Closed,,
1523,Pending,,
1524,Resolved,,
1525,Escalated,,
1526,Pending,,
1527,Closed,,
1528,Open,,
1529,Escalated,,
1530,Pending,,
1531,Resolved,,
1532,Open,,
1533,Pending,,
1534,Escalated,,
1535,Open,,
1536,Pending,,
1537,Pending,,
1538,Escalated,,
1539,Resolved,,
1540,Open,,
1541,Pending,,
1542,Escalated,,
1543,Pending,,
1544,Escalated,,
1545,Escalated,,
1546,Pending,,
1547,Escalated,,
1548,Open,,
1549,Escalated,,
1550,Resolved,,
1551,Resolved,,
1552,Escalated,,
1553,Open,,
1554,Closed,,
1555,Closed,,
1556,Open,,
1557,Resolved,,
1558,Escalated,,
1559,Pending,,
1560,Escalated,,
1561,Escalated,,
1562,Closed,,
1563,Escalated,,
1564,Closed,,
1565,Pending,,
1566,Escalated,,
1567,Open,,
1568,Escalated,,
1569,Open,,
1570,Closed,,
1571,Escalated,,
1572,Closed,,
1573,Open,,
1574,Closed,,
1575,Resolved,,
1576,Open,,
1577,Closed,,
1578,Escalated,,
1579,Closed,,
1580,Pending,,
1581,Open,,
1582,Closed,,
1583,Resolved,,
1584,Pending,,
1585,Open,,
1586,Pending,,
1587,Escalated,,
1588,Resolved,,
1589,Escalated,,
1590,Closed,,
1591,Pending,,
1592,Escalated,,
1593,Closed,,
1594,Resolved,,
1595,Escalated,,
1596,Pending,,
1597,Escalated,,
1598,Resolved,,
1599,Closed,,
1600,Escalated,,
1601,Escalated,,
1602,Open,,
1603,Closed,,
1604,Open,,
1605,Open,,
1606,Resolved,,
1607,Resolved,,
1608,Pending,,
1609,Closed,,
1610,Closed,,
1611,Resolved,,
1612,Resolved,,
1613,Open,,
1614,Resolved,,
1615,Escalated,,
1616,Closed,,
1617,Pending,,
1618,Open,,
1619,Escalated,,
1620,Resolved,,
1621,Pending,,
1622,Resolved,,
1623,Escalated,,
1624,Pending,,
1625,Resolved,,
1626,Escalated,,
1627,Escalated,,
1628,Pending,,
1629,Escalated,,
1630,Resolved,,
1631,Pending,,
1632,Open,,
1633,Escalated,,
1634,Resolved,,
1635,Pending,,
1636,Open,,
1637,Open,,
1638,Closed,,
1639,Closed,,
1640,Pending,,
1641,Escalated,,
1642,Resolved,,
1643,Escalated,,
1644,Resolved,,
1645,Resolved,,
1646,Closed,,
1647,Closed,,
1648,Escalated,,
1649,Pending,,
1650,Resolved,,
1651,Closed,,
1652,Pending,,
1653,Closed,,
1654,Resolved,,
1655,Open,,
1656,Closed,,
1657,Pending,,
1658,Escalated,,
1659,Escalated,,
1660,Resolved,,
1661,Open,,
1662,Closed,,
1663,Closed,,
1664,Open,,
1665,Resolved,,
1666,Resolved,,
1667,Pending,,
1668,Pending,,
1669,Pending,,
1670,Resolved,,
1671,Closed,,
1672,Escalated,,
1673,Resolved,,
1674,Open,,
1675,Escalated,,
1676,Resolved,,
1677,Resolved,,
1678,Pending,,
1679,Closed,,
1680,Closed,,
1681,Escalated,,
1682,Resolved,,
1683,Pending,,
1684,Open,,
1685,Resolved,,
1686,Pending,,
1687,Open,,
1688,Open,,
1689,Escalated,,
1690,Closed,,
1691,Closed,,
1692,Escalated,,
1693,Resolved,,
1694,Pending,,
1695,Closed,,
1696,Escalated,,
1697,Closed,,
1698,Closed,,
1699,Closed,,
1700,Resolved,,
1701,Escalated,,
1702,Closed,,
1703,Closed,,
1704,Escalated,,
1705,Open,,
1706,Resolved,,
1707,Resolved,,
1708,Pending,,
1709,Pending,,
1710,Open,,
1711,Pending,,
1712,Closed,,
1713,Closed,,
1714,Pending,,
1715,Resolved,,
1716,Open,,
1717,Closed,,
1718,Open,,
1719,Pending,,
1720,Escalated,,
1721,Open,,
1722,Open,,
1723,Pending,,
1724,Pending,,
1725,Closed,,
1726,Escalated,,
1727,Escalated,,
1728,Open,,
1729,Escalated,,
1730,Pending,,
1731,Pending,,
1732,Pending,,
1733,Open,,
1734,Resolved,,
1735,Pending,,
1736,Escalated,,
1737,Escalated,,
1738,Pending,,
1739,Resolved,,
1740,Open,,
1741,Pending,,
1742,Open,,
1743,Resolved,,
1744,Pending,,
1745,Pending,,
1746,Pending,,
1747,Closed,,
1748,Pending,,
1749,Pending,,
1750,Resolved,,
1751,Resolved,,
1752,Closed,,
1753,Pending,,
1754,Escalated,,
1755,Open,,
1756,Pending,,
1757,Closed,,
1758,Escalated,,
1759,Resolved,,
1760,Open,,
1761,Closed,,
1762,Resolved,,
1763,Pending,,
1764,Closed,,
1765,Pending,,
1766,Closed,,
1767,Closed,,
1768,Pending,,
1769,Closed,,
1770,Resolved,,
1771,Resolved,,
1772,Open,,
1773,Open,,
1774,Closed,,
1775,Resolved,,
1776,Pending,,
1777,Closed,,
1778,Pending,,
1779,Escalated,,
1780,Open,,
1781,Closed,,
1782,Closed,,
1783,Pending,,
1784,Open,,
1785,Pending,,
1786,Pending,,
1787,Open,,
1788,Escalated,,
1789,Resolved,,
1790,Resolved,,
1791,Escalated,,
1792,Open,,
1793,Closed,,
1794,Open,,
1795,Pending,,
1796,Open,,
1797,Resolved,,
1798,Closed,,
1799,Escalated,,
1800,Open,,
1801,Closed,,
1802,Closed,,
1803,Resolved,,
1804,Pending,,
1805,Closed,,
1806,Closed,,
1807,Open,,
1808,Escalated,,
1809,Open,,
1810,Resolved,,
1811,Closed,,
1812,Pending,,
1813,Closed,,
1814,Pending,,
1815,Pending,,
1816,Pending,,
1817,Escalated,,
1818,Open,,
1819,Resolved,,
1820,Escalated,,
1821,Escalated,,
1822,Pending,,
1823,Escalated,,
1824,Resolved,,
1825,Resolved,,
1826,Closed,,
1827,Escalated,,
1828,Closed,,
1829,Resolved,,
1830,Escalated,,
1831,Pending,,
1832,Pending,,
1833,Escalated,,
1834,Closed,,
1835,Closed,,
1836,Pending,,
1837,Closed,,
1838,Pending,,
1839,Open,,
1840,Pending,,
1841,Open,,
1842,Escalated,,
1843,Open,,
1844,Resolved,,
1845,Closed,,
1846,Open,,
1847,Resolved,,
1848,Resolved,,
1849,Closed,,
1850,Pending,,
1851,Resolved,,
1852,Open,,
1853,Closed,,
1854,Open,,
1855,Pending,,
1856,Closed,,
1857,Resolved,,
1858,Open,,
1859,Open,,
1860,Resolved,,
1861,Resolved,,
1862,Pending,,
1863,Pending,,
1864,Resolved,,
1865,Closed,,
1866,Resolved,,
1867,Resolved,,
1868,Escalated,,
1869,Closed,,
1870,Closed,,
1871,Pending,,
1872,Pending,,
1873,Pending,,
1874,Open,,
1875,Closed,,
1876,Escalated,,
1877,Pending,,
1878,Pending,,
1879,Pending,,
1880,Pending,,
1881,Pending,,
1882,Open,,
1883,Escalated,,
1884,Closed,,
1885,Escalated,,
1886,Resolved,,
1887,Closed,,
1888,Pending,,
1889,Resolved,,
1890,Resolved,,
1891,Resolved,,
1892,Resolved,,
1893,Pending,,
1894,Resolved,,
1895,Escalated,,
1896,Pending,,
1897,Resolved,,
1898,Resolved,,
1899,Escalated,,
1900,Open,,
1901,Open,,
1902,Escalated,,
1903,Open,,
1904,Closed,,
1905,Closed,,
1906,Closed,,
1907,Open,,
1908,Closed,,
1909,Closed,,
1910,Open,,
1911,Escalated,,
1912,Pending,,
1913,Closed,,
1914,Open,,
1915,Pending,,
1916,Pending,,
1917,Resolved,,
1918,Pending,,
1919,Closed,,
1920,Escalated,,
1921,Closed,,
1922,Resolved,,
1923,Pending,,
1924,Resolved,,
1925,Closed,,
1926,Closed,,
1927,Closed,,
1928,Escalated,,
1929,Closed,,
1930,Closed,,
1931,Pending,,
1932,Escalated,,
1933,Pending,,
1934,Resolved,,
1935,Open,,
1936,Pending,,
1937,Escalated,,
1938,Pending,,
1939,Open,,
1940,Pending,,
1941,Open,,
1942,Escalated,,
1943,Pending,,
1944,Escalated,,
1945,Escalated,,
1946,Resolved,,
1947,Resolved,,
1948,Pending,,
1949,Pending,,
1950,Escalated,,
1951,Resolved,,
1952,Pending,,
1953,Pending,,
1954,Pending,,
1955,Resolved,,
1956,Pending,,
1957,Escalated,,
1958,Pending,,
1959,Closed,,
1960,Open,,
1961,Escalated,,
1962,Pending,,
1963,Closed,,
1964,Resolved,,
1965,Escalated,,
1966,Escalated,,
1967,Pending,,
1968,Resolved,,
1969,Pending,,
1970,Closed,,
1971,Open,,
1972,Resolved,,
1973,Open,,
1974,Closed,,
1975,Escalated,,
1976,Closed,,
1977,Open,,
1978,Resolved,,
1979,Pending,,
1980,Open,,
1981,Resolved,,
1982,Open,,
1983,Escalated,,
1984,Escalated,,
1985,Pending,,
1986,Escalated,,
1987,Closed,,
1988,Pending,,
1989,Open,,
1990,Closed,,
1991,Resolved,,
1992,Open,,
1993,Escalated,,
1994,Open,,
1995,Escalated,,
1996,Closed,,
1997,Closed,,
1998,Closed,,
1999,Pending,,
2000,Escalated,,
2001,Open,,
2002,Open,,
2003,Open,,
2004,Pending,,
2005,Pending,,
2006,Escalated,,
2007,Pending,,
2008,Closed,,
2009,Open,,
2010,Closed,,
2011,Pending,,
2012,Open,,
2013,Resolved,,
2014,Closed,,
2015,Resolved,,
2016,Escalated,,
2017,Closed,,
2018,Open,,
2019,Open,,
2020,Resolved,,
2021,Open,,
2022,Closed,,
2023,Pending,,
2024,Pending,,
2025,Open,,
2026,Escalated,,
2027,Closed,,
2028,Escalated,,
2029,Resolved,,
2030,Open,,
2031,Resolved,,
2032,Escalated,,
2033,Closed,,
2034,Escalated,,
2035,Pending,,
2036,Escalated,,
2037,Escalated,,
2038,Escalated,,
2039,Escalated,,
2040,Closed,,
2041,Open,,
2042,Closed,,
2043,Resolved,,
2044,Pending,,
2045,Open,,
2046,Pending,,
2047,Pending,,
2048,Open,,
2049,Open,,
2050,Resolved,,
2051,Closed,,
2052,Open,,
2053,Resolved,,
2054,Escalated,,
2055,Open,,
2056,Closed,,
2057,Escalated,,
2058,Escalated,,
2059,Escalated,,
2060,Escalated,,
2061,Pending,,
2062,Closed,,
2063,Resolved,,
2064,Open,,
2065,Resolved,,
2066,Pending,,
2067,Escalated,,
2068,Open,,
2069,Closed,,
2070,Open,,
2071,Open,,
2072,Resolved,,
2073,Escalated,,
2074,Closed,,
2075,Open,,
2076,Pending,,
2077,Pending,,
2078,Escalated,,
2079,Open,,
2080,Escalated,,
2081,Open,,
2082,Closed,,
2083,Pending,,
2084,Resolved,,
2085,Escalated,,
2086,Closed,,
2087,Pending,,
2088,Closed,,
2089,Resolved,,
2090,Open,,
2091,Open,,
2092,Closed,,
2093,Closed,,
2094,Escalated,,
2095,Closed,,
2096,Open,,
2097,Closed,,
2098,Pending,,
2099,Pending,,
2100,Open,,
2101,Closed,,
2102,Closed,,
2103,Closed,,
2104,Pending,,
2105,Open,,
2106,Escalated,,
2107,Pending,,
2108,Open,,
2109,Open,,
2110,Escalated,,
2111,Resolved,,
2112,Escalated,,
2113,Escalated,,
2114,Open,,
2115,Resolved,,
2116,Resolved,,
2117,Closed,,
2118,Escalated,,
2119,Escalated,,
2120,Resolved,,
2121,Resolved,,
2122,Resolved,,
2123,Open,,
2124,Open,,
2125,Open,,
2126,Escalated,,
2127,Resolved,,
2128,Open,,
2129,Closed,,
2130,Resolved,,
2131,Resolved,,
2132,Resolved,,
2133,Open,,
2134,Pending,,
2135,Closed,,
2136,Closed,,
2137,Pending,,
2138,Closed,,
2139,Open,,
2140,Resolved,,
2141,Pending,,
2142,Resolved,,
2143,Closed,,
2144,Escalated,,
2145,Closed,,
2146,Closed,,
2147,Pending,,
2148,Resolved,,
2149,Pending,,
2150,Open,,
2151,Resolved,,
2152,Open,,
2153,Open,,
2154,Pending,,
2155,Closed,,
2156,Escalated,,
2157,Closed,,
2158,Closed,,
2159,Resolved,,
2160,Pending,,
2161,Resolved,,
2162,Escalated,,
2163,Pending,,
2164,Closed,,
2165,Open,,
2166,Closed,,
2167,Closed,,
2168,Pending,,
2169,Closed,,
2170,Escalated,,
2171,Closed,,
2172,Open,,
2173,Pending,,
2174,Escalated,,
2175,Pending,,
2176,Open,,
2177,Resolved,,
2178,Escalated,,
2179,Open,,
2180,Resolved,,
2181,Open,,
2182,Resolved,,
2183,Resolved,,
2184,Pending,,
2185,Closed,,
2186,Closed,,
2187,Open,,
2188,Resolved,,
2189,Closed,,
2190,Open,,
2191,Open,,
2192,Escalated,,
2193,Pending,,
2194,Pending,,
2195,Resolved,,
2196,Closed,,
2197,Resolved,,
2198,Closed,,
2199,Closed,,
2200,Closed,,
2201,Closed,,
2202,Closed,,
2203,Escalated,,
2204,Escalated,,
2205,Closed,,
2206,Open,,
2207,Open,,
2208,Pending,,
2209,Closed,,
2210,Open,,
2211,Pending,,
2212,Open,,
2213,Pending,,
2214,Resolved,,
2215,Open,,
2216,Closed,,
2217,Closed,,
2218,Escalated,,
2219,Resolved,,
2220,Resolved,,
2221,Open,,
2222,Pending,,
2223,Escalated,,
2224,Resolved,,
2225,Resolved,,
2226,Closed,,
2227,Closed,,
2228,Pending,,
2229,Open,,
2230,Pending,,
2231,Open,,
2232,Escalated,,
2233,Resolved,,
2234,Pending,,
2235,Open,,
2236,Escalated,,
2237,Pending,,
2238,Resolved,,
2239,Escalated,,
2240,Closed,,
2241,Resolved,,
2242,Closed,,
2243,Escalated,,
2244,Escalated,,
2245,Closed,,
2246,Open,,
2247,Escalated,,
2248,Pending,,
2249,Pending,,
2250,Escalated,,
2251,Closed,,
2252,Closed,,
2253,Resolved,,
2254,Closed,,
2255,Open,,
2256,Open,,
2257,Pending,,
2258,Escalated,,
2259,Pending,,
2260,Escalated,,
2261,Pending,,
2262,Escalated,,
2263,Escalated,,
2264,Pending,,
2265,Resolved,,
2266,Open,,
2267,Closed,,
2268,Open,,
2269,Closed,,
2270,Escalated,,
2271,Pending,,
2272,Pending,,
2273,Closed,,
2274,Pending,,
2275,Pending,,
2276,Pending,,
2277,Open,,
2278,Pending,,
2279,Resolved,,
2280,Closed,,
2281,Open,,
2282,Open,,
2283,Escalated,,
2284,Escalated,,
2285,Pending,,
2286,Open,,
2287,Open,,
2288,Pending,,
2289,Closed,,
2290,Open,,
2291,Escalated,,
2292,Pending,,
2293,Open,,
2294,Escalated,,
2295,Resolved,,
2296,Open,,
2297,Pending,,
2298,Escalated,,
2299,Open,,
2300,Escalated,,
2301,Pending,,
2302,Open,,
2303,Pending,,
2304,Closed,,
2305,Open,,
2306,Open,,
2307,Escalated,,
2308,Open,,
2309,Closed,,
2310,Escalated,,
2311,Escalated,,
2312,Resolved,,
2313,Open,,
2314,Resolved,,
2315,Closed,,
2316,Open,,
2317,Resolved,,
2318,Resolved,,
2319,Escalated,,
2320,Resolved,,
2321,Resolved,,
2322,Open,,
2323,Open,,
2324,Escalated,,
2325,Open,,
2326,Closed,,
2327,Escalated,,
2328,Closed,,
2329,Open,,
2330,Open,,
2331,Escalated,,
2332,Resolved,,
2333,Pending,,
2334,Pending,,
2335,Open,,
2336,Closed,,
2337,Escalated,,
2338,Resolved,,
2339,Open,,
2340,Closed,,
2341,Open,,
2342,Pending,,
2343,Open,,
2344,Closed,,
2345,Pending,,
2346,Open,,
2347,Pending,,
2348,Escalated,,
2349,Closed,,
2350,Closed,,
2351,Escalated,,
2352,Closed,,
2353,Closed,,
2354,Open,,
2355,Resolved,,
2356,Open,,
2357,Escalated,,
2358,Escalated,,
2359,Resolved,,
2360,Open,,
2361,Open,,
2362,Open,,
2363,Pending,,
2364,Pending,,
2365,Open,,
2366,Pending,,
2367,Open,,
2368,Escalated,,
2369,Open,,
2370,Pending,,
2371,Resolved,,
2372,Escalated,,
2373,Closed,,
2374,Resolved,,
2375,Resolved,,
2376,Closed,,
2377,Escalated,,
2378,Closed,,
2379,Escalated,,
2380,Escalated,,
2381,Escalated,,
2382,Resolved,,
2383,Escalated,,
2384,Closed,,
2385,Resolved,,
2386,Escalated,,
2387,Pending,,
2388,Pending,,
2389,Escalated,,
2390,Pending,,
2391,Open,,
2392,Resolved,,
2393,Open,,
2394,Resolved,,
2395,Closed,,
2396,Pending,,
2397,Pending,,
2398,Pending,,
2399,Escalated,,
2400,Resolved,,
2401,Escalated,,
2402,Pending,,
2403,Closed,,
2404,Pending,,
2405,Escalated,,
2406,Pending,,
2407,Open,,
2408,Open,,
2409,Escalated,,
2410,Open,,
2411,Resolved,,
2412,Resolved,,
2413,Escalated,,
2414,Open,,
2415,Resolved,,
2416,Open,,
2417,Pending,,
2418,Open,,
2419,Open,,
2420,Escalated,,
2421,Pending,,
2422,Resolved,,
2423,Resolved,,
2424,Open,,
2425,Closed,,
2426,Closed,,
2427,Resolved,,
2428,Open,,
2429,Open,,
2430,Pending,,
2431,Escalated,,
2432,Closed,,
2433,Open,,
2434,Resolved,,
2435,Closed,,
2436,Escalated,,
2437,Open,,
2438,Closed,,
2439,Open,,
2440,Escalated,,
2441,Pending,,
2442,Closed,,
2443,Escalated,,
2444,Pending,,
2445,Pending,,
2446,Escalated,,
2447,Resolved,,
2448,Escalated,,
2449,Open,,
2450,Resolved,,
2451,Pending,,
2452,Closed,,
2453,Pending,,
2454,Closed,,
2455,Closed,,
2456,Escalated,,
2457,Escalated,,
2458,Pending,,
2459,Escalated,,
2460,Pending,,
2461,Escalated,,
2462,Escalated,,
2463,Closed,,
2464,Resolved,,
2465,Escalated,,
2466,Escalated,,
2467,Pending,,
2468,Closed,,
2469,Closed,,
2470,Resolved,,
2471,Resolved,,
2472,Resolved,,
2473,Escalated,,
2474,Pending,,
2475,Open,,
2476,Pending,,
2477,Closed,,
2478,Resolved,,
2479,Open,,
2480,Closed,,
2481,Resolved,,
2482,Open,,
2483,Pending,,
2484,Closed,,
2485,Escalated,,
2486,Open,,
2487,Open,,
2488,Pending,,
2489,Pending,,
2490,Closed,,
2491,Escalated,,
2492,Resolved,,
2493,Open,,
2494,Open,,
2495,Closed,,
2496,Resolved,,
2497,Resolved,,
2498,Resolved,,
2499,Closed,,
2500,Open,,
2501,Pending,,
2502,Open,,
2503,Pending,,
2504,Pending,,
2505,Closed,,
2506,Resolved,,
2507,Closed,,
2508,Pending,,
2509,Open,,
2510,Pending,,
2511,Closed,,
2512,Open,,
2513,Resolved,,
2514,Closed,,
2515,Escalated,,
2516,Pending,,
2517,Resolved,,
2518,Resolved,,
2519,Open,,
2520,Closed,,
2521,Pending,,
2522,Escalated,,
2523,Pending,,
2524,Closed,,
2525,Resolved,,
2526,Escalated,,
2527,Open,,
2528,Closed,,
2529,Pending,,
2530,Closed,,
2531,Open,,
2532,Pending,,
2533,Escalated,,
2534,Pending,,
2535,Pending,,
2536,Open,,
2537,Pending,,
2538,Closed,,
2539,Resolved,,
2540,Open,,
2541,Open,,
2542,Open,,
2543,Closed,,
2544,Closed,,
2545,Closed,,
2546,Closed,,
2547,Pending,,
2548,Open,,
2549,Open,,
2550,Escalated,,
2551,Resolved,,
2552,Pending,,
2553,Resolved,,
2554,Pending,,
2555,Pending,,
2556,Pending,,
2557,Open,,
2558,Resolved,,
2559,Resolved,,
2560,Closed,,
2561,Resolved,,
2562,Closed,,
2563,Escalated,,
2564,Closed,,
2565,Pending,,
2566,Open,,
2567,Pending,,
2568,Escalated,,
2569,Open,,
2570,Escalated,,
2571,Pending,,
2572,Open,,
2573,Escalated,,
2574,Closed,,
2575,Resolved,,
2576,Pending,,
2577,Closed,,
2578,Escalated,,
2579,Escalated,,
2580,Open,,
2581,Closed,,
2582,Escalated,,
2583,Open,,
2584,Resolved,,
2585,Resolved,,
2586,Open,,
2587,Closed,,
2588,Open,,
2589,Open,,
2590,Closed,,
2591,Resolved,,
2592,Escalated,,
2593,Resolved,,
2594,Closed,,
2595,Pending,,
2596,Closed,,
2597,Resolved,,
2598,Resolved,,
2599,Closed,,
2600,Closed,,
2601,Closed,,
2602,Resolved,,
2603,Open,,
2604,Pending,,
2605,Open,,
2606,Resolved,,
2607,Open,,
2608,Closed,,
2609,Escalated,,
2610,Closed,,
2611,Pending,,
2612,Closed,,
2613,Escalated,,
2614,Resolved,,
2615,Open,,
2616,Closed,,
2617,Open,,
2618,Pending,,
2619,Open,,
2620,Pending,,
2621,Pending,,
2622,Closed,,
2623,Escalated,,
2624,Open,,
2625,Pending,,
2626,Pending,,
2627,Pending,,
2628,Resolved,,
2629,Open,,
2630,Open,,
2631,Pending,,
2632,Open,,
2633,Open,,
2634,Resolved,,
2635,Pending,,
2636,Open,,
2637,Escalated,,
2638,Pending,,
2639,Open,,
2640,Resolved,,
2641,Escalated,,
2642,Closed,,
2643,Closed,,
2644,Escalated,,
2645,Closed,,
2646,Escalated,,
2647,Open,,
2648,Closed,,
2649,Closed,,
2650,Escalated,,
2651,Open,,
2652,Open,,
2653,Pending,,
2654,Pending,,
2655,Open,,
2656,Escalated,,
2657,Resolved,,
2658,Resolved,,
2659,Pending,,
2660,Closed,,
2661,Resolved,,
2662,Closed,,
2663,Closed,,
2664,Open,,
2665,Resolved,,
2666,Resolved,,
2667,Closed,,
2668,Closed,,
2669,Open,,
2670,Escalated,,
2671,Resolved,,
2672,Resolved,,
2673,Open,,
2674,Open,,
2675,Escalated,,
2676,Closed,,
2677,Resolved,,
2678,Closed,,
2679,Resolved,,
2680,Open,,
2681,Open,,
2682,Open,,
2683,Escalated,,
2684,Resolved,,
2685,Open,,
2686,Escalated,,
2687,Closed,,
2688,Escalated,,
2689,Escalated,,
2690,Pending,,
2691,Closed,,
2692,Pending,,
2693,Resolved,,
2694,Escalated,,
2695,Escalated,,
2696,Escalated,,
2697,Escalated,,
2698,Pending,,
2699,Resolved,,
2700,Pending,,
2701,Escalated,,
2702,Resolved,,
2703,Closed,,
2704,Pending,,
2705,Open,,
2706,Closed,,
2707,Closed,,
2708,Escalated,,
2709,Escalated,,
2710,Closed,,
2711,Pending,,
2712,Resolved,,
2713,Pending,,
2714,Pending,,
2715,Closed,,
2716,Pending,,
2717,Resolved,,
2718,Closed,,
2719,Pending,,
2720,Escalated,,
2721,Pending,,
2722,Closed,,
2723,Closed,,
2724,Escalated,,
2725,Closed,,
2726,Open,,
2727,Closed,,
2728,Pending,,
2729,Resolved,,
2730,Pending,,
2731,Closed,,
2732,Open,,
2733,Pending,,
2734,Resolved,,
2735,Pending,,
2736,Escalated,,
2737,Open,,
2738,Closed,,
2739,Pending,,
2740,Pending,,
2741,Pending,,
2742,Pending,,
2743,Resolved,,
2744,Escalated,,
2745,Escalated,,
2746,Open,,
2747,Open,,
2748,Resolved,,
2749,Escalated,,
2750,Open,,
2751,Closed,,
2752,Escalated,,
2753,Pending,,
2754,Escalated,,
2755,Closed,,
2756,Pending,,
2757,Escalated,,
2758,Pending,,
2759,Pending,,
2760,Resolved,,
2761,Closed,,
2762,Resolved,,
2763,Escalated,,
2764,Pending,,
2765,Escalated,,
2766,Escalated,,
2767,Resolved,,
2768,Escalated,,
2769,Closed,,
2770,Pending,,
2771,Open,,
2772,Closed,,
2773,Open,,
2774,Open,,
2775,Resolved,,
2776,Open,,
2777,Pending,,
2778,Resolved,,
2779,Closed,,
2780,Closed,,
2781,Closed,,
2782,Escalated,,
2783,Resolved,,
2784,Resolved,,
2785,Resolved,,
2786,Pending,,
2787,Resolved,,
2788,Pending,,
2789,Closed,,
2790,Escalated,,
2791,Open,,
2792,Escalated,,
2793,Escalated,,
2794,Escalated,,
2795,Open,,
2796,Pending,,
2797,Closed,,
2798,Open,,
2799,Closed,,
2800,Pending,,
2801,Closed,,
2802,Pending,,
2803,Open,,
2804,Open,,
2805,Closed,,
2806,Closed,,
2807,Escalated,,
2808,Escalated,,
2809,Closed,,
2810,Escalated,,
2811,Closed,,
2812,Resolved,,
2813,Escalated,,
2814,Closed,,
2815,Resolved,,
2816,Escalated,,
2817,Open,,
2818,Closed,,
2819,Open,,
2820,Escalated,,
2821,Resolved,,
2822,Closed,,
2823,Resolved,,
2824,Open,,
2825,Closed,,
2826,Open,,
2827,Open,,
2828,Resolved,,
2829,Escalated,,
2830,Open,,
2831,Open,,
2832,Pending,,
2833,Resolved,,
2834,Open,,
2835,Pending,,
2836,Resolved,,
2837,Closed,,
2838,Escalated,,
2839,Resolved,,
2840,Open,,
2841,Pending,,
2842,Pending,,
2843,Closed,,
2844,Pending,,
2845,Open,,
2846,Resolved,,
2847,Closed,,
2848,Escalated,,
2849,Escalated,,
2850,Open,,
2851,Closed,,
2852,Closed,,
2853,Open,,
2854,Closed,,
2855,Pending,,
2856,Pending,,
2857,Open,,
2858,Open,,
2859,Pending,,
2860,Resolved,,
2861,Open,,
2862,Pending,,
2863,Resolved,,
2864,Resolved,,
2865,Pending,,
2866,Pending,,
2867,Closed,,
2868,Resolved,,
2869,Escalated,,
2870,Closed,,
2871,Closed,,
2872,Resolved,,
2873,Resolved,,
2874,Resolved,,
2875,Open,,
2876,Pending,,
2877,Pending,,
2878,Pending,,
2879,Resolved,,
2880,Closed,,
2881,Resolved,,
2882,Resolved,,
2883,Closed,,
2884,Escalated,,
2885,Open,,
2886,Escalated,,
2887,Resolved,,
2888,Pending,,
2889,Pending,,
2890,Closed,,
2891,Resolved,,
2892,Closed,,
2893,Closed,,
2894,Open,,
2895,Closed,,
2896,Resolved,,
2897,Open,,
2898,Pending,,
2899,Open,,
2900,Resolved,,
2901,Escalated,,
2902,Open,,
2903,Escalated,,
2904,Open,,
2905,Open,,
2906,Closed,,
2907,Escalated,,
2908,Escalated,,
2909,Open,,
2910,Resolved,,
2911,Resolved,,
2912,Escalated,,
2913,Closed,,
2914,Closed,,
2915,Resolved,,
2916,Closed,,
2917,Open,,
2918,Open,,
2919,Escalated,,
2920,Pending,,
2921,Resolved,,
2922,Resolved,,
2923,Pending,,
2924,Closed,,
2925,Open,,
2926,Open,,
2927,Resolved,,
2928,Resolved,,
2929,Closed,,
2930,Closed,,
2931,Resolved,,
2932,Closed,,
2933,Pending,,
2934,Open,,
2935,Resolved,,
2936,Pending,,
2937,Pending,,
2938,Escalated,,
2939,Resolved,,
2940,Escalated,,
2941,Pending,,
2942,Resolved,,
2943,Escalated,,
2944,Open,,
2945,Resolved,,
2946,Escalated,,
2947,Closed,,
2948,Resolved,,
2949,Closed,,
2950,Resolved,,
2951,Escalated,,
2952,Escalated,,
2953,Resolved,,
2954,Pending,,
2955,Escalated,,
2956,Resolved,,
2957,Resolved,,
2958,Open,,
2959,Closed,,
2960,Open,,
2961,Closed,,
2962,Closed,,
2963,Open,,
2964,Pending,,
2965,Resolved,,
2966,Escalated,,
2967,Resolved,,
2968,Open,,
2969,Pending,,
2970,Escalated,,
2971,Escalated,,
2972,Pending,,
2973,Escalated,,
2974,Escalated,,
2975,Pending,,
2976,Open,,
2977,Open,,
2978,Escalated,,
2979,Open,,
2980,Open,,
2981,Escalated,,
2982,Escalated,,
2983,Open,,
2984,Closed,,
2985,Pending,,
2986,Open,,
2987,Open,,
2988,Closed,,
2989,Resolved,,
2990,Resolved,,
2991,Pending,,
2992,Escalated,,
2993,Open,,
2994,Closed,,
2995,Escalated,,
2996,Escalated,,
2997,Resolved,,
2998,Open,,
2999,Pending,,
3000,Closed,,
3001,Open,,
3002,Escalated,,
3003,Escalated,,
3004,Pending,,
3005,Resolved,,
3006,Pending,,
3007,Pending,,
3008,Open,,
3009,Resolved,,
3010,Escalated,,
3011,Resolved,,
3012,Open,,
3013,Open,,
3014,Pending,,
3015,Open,,
3016,Resolved,,
3017,Pending,,
3018,Pending,,
3019,Pending,,
3020,Resolved,,
3021,Pending,,
3022,Closed,,
3023,Closed,,
3024,Resolved,,
3025,Escalated,,
3026,Escalated,,
3027,Pending,,
3028,Resolved,,
3029,Pending,,
3030,Pending,,
3031,Closed,,
3032,Open,,
3033,Resolved,,
3034,Open,,
3035,Closed,,
3036,Open,,
3037,Closed,,
3038,Escalated,,
3039,Closed,,
3040,Resolved,,
3041,Escalated,,
3042,Pending,,
3043,Resolved,,
3044,Resolved,,
3045,Resolved,,
3046,Open,,
3047,Open,,
3048,Pending,,
3049,Open,,
3050,Resolved,,
3051,Closed,,
3052,Pending,,
3053,Pending,,
3054,Resolved,,
3055,Escalated,,
3056,Open,,
3057,Escalated,,
3058,Resolved,,
3059,Escalated,,
3060,Resolved,,
3061,Open,,
3062,Open,,
3063,Pending,,
3064,Escalated,,
3065,Escalated,,
3066,Escalated,,
3067,Escalated,,
3068,Closed,,
3069,Pending,,
3070,Pending,,
3071,Closed,,
3072,Escalated,,
3073,Closed,,
3074,Escalated,,
3075,Closed,,
3076,Pending,,
3077,Closed,,
3078,Resolved,,
3079,Escalated,,
3080,Closed,,
3081,Escalated,,
3082,Open,,
3083,Escalated,,
3084,Closed,,
3085,Escalated,,
3086,Resolved,,
3087,Resolved,,
3088,Closed,,
3089,Closed,,
3090,Escalated,,
3091,Pending,,
3092,Resolved,,
3093,Resolved,,
3094,Open,,
3095,Open,,
3096,Pending,,
3097,Resolved,,
3098,Closed,,
3099,Resolved,,
3100,Closed,,
3101,Closed,,
3102,Pending,,
3103,Resolved,,
3104,Escalated,,
3105,Resolved,,
3106,Resolved,,
3107,Open,,
3108,Pending,,
3109,Escalated,,
3110,Escalated,,
3111,Escalated,,
3112,Closed,,
3113,Pending,,
3114,Open,,
3115,Closed,,
3116,Escalated,,
3117,Closed,,
3118,Closed,,
3119,Escalated,,
3120,Escalated,,
3121,Open,,
3122,Pending,,
3123,Resolved,,
3124,Resolved,,
3125,Resolved,,
3126,Open,,
3127,Closed,,
3128,Escalated,,
3129,Pending,,
3130,Resolved,,
3131,Pending,,
3132,Pending,,
3133,Escalated,,
3134,Open,,
3135,Escalated,,
3136,Open,,
3137,Closed,,
3138,Pending,,
3139,Resolved,,
3140,Pending,,
3141,Escalated,,
3142,Open,,
3143,Closed,,
3144,Closed,,
3145,Open,,
3146,Open,,
3147,Open,,
3148,Closed,,
3149,Pending,,
3150,Pending,,
3151,Closed,,
3152,Resolved,,
3153,Escalated,,
3154,Closed,,
3155,Resolved,,
3156,Escalated,,
3157,Pending,,
3158,Open,,
3159,Escalated,,
3160,Open,,
3161,Resolved,,
3162,Closed,,
3163,Closed,,
3164,Open,,
3165,Escalated,,
3166,Escalated,,
3167,Resolved,,
3168,Closed,,
3169,Open,,
3170,Pending,,
3171,Closed,,
3172,Closed,,
3173,Resolved,,
3174,Closed,,
3175,Resolved,,
3176,Resolved,,
3177,Pending,,
3178,Escalated,,
3179,Closed,,
3180,Resolved,,
3181,Resolved,,
3182,Escalated,,
3183,Escalated,,
3184,Resolved,,
3185,Closed,,
3186,Closed,,
3187,Closed,,
3188,Escalated,,
3189,Closed,,
3190,Closed,,
3191,Closed,,
3192,Escalated,,
3193,Open,,
3194,Open,,
3195,Closed,,
3196,Open,,
3197,Closed,,
3198,Escalated,,
3199,Closed,,
3200,Pending,,
3201,Resolved,,
3202,Escalated,,
3203,Pending,,
3204,Pending,,
3205,Resolved,,
3206,Pending,,
3207,Resolved,,
3208,Closed,,
3209,Escalated,,
3210,Escalated,,
3211,Escalated,,
3212,Resolved,,
3213,Resolved,,
3214,Pending,,
3215,Escalated,,
3216,Pending,,
3217,Closed,,
3218,Pending,,
3219,Escalated,,
3220,Resolved,,
3221,Pending,,
3222,Pending,,
3223,Resolved,,
3224,Resolved,,
3225,Escalated,,
3226,Closed,,
3227,Escalated,,
3228,Pending,,
3229,Escalated,,
3230,Escalated,,
3231,Resolved,,
3232,Closed,,
3233,Closed,,
3234,Escalated,,
3235,Resolved,,
3236,Resolved,,
3237,Pending,,
3238,Open,,
3239,Pending,,
3240,Pending,,
3241,Pending,,
3242,Open,,
3243,Resolved,,
3244,Resolved,,
3245,Closed,,
3246,Closed,,
3247,Escalated,,
3248,Escalated,,
3249,Escalated,,
3250,Closed,,
3251,Closed,,
3252,Pending,,
3253,Resolved,,
3254,Closed,,
3255,Open,,
3256,Pending,,
3257,Open,,
3258,Open,,
3259,Resolved,,
3260,Open,,
3261,Open,,
3262,Open,,
3263,Open,,
3264,Pending,,
3265,Pending,,
3266,Resolved,,
3267,Resolved,,
3268,Open,,
3269,Escalated,,
3270,Open,,
3271,Open,,
3272,Resolved,,
3273,Closed,,
3274,Resolved,,
3275,Pending,,
3276,Resolved,,
3277,Closed,,
3278,Open,,
3279,Closed,,
3280,Resolved,,
3281,Escalated,,
3282,Pending,,
3283,Closed,,
3284,Resolved,,
3285,Open,,
3286,Resolved,,
3287,Open,,
3288,Escalated,,
3289,Pending,,
3290,Closed,,
3291,Resolved,,
3292,Resolved,,
3293,Closed,,
3294,Open,,
3295,Pending,,
3296,Escalated,,
3297,Closed,,
3298,Pending,,
3299,Resolved,,
3300,Pending,,
3301,Escalated,,
3302,Pending,,
3303,Resolved,,
3304,Escalated,,
3305,Escalated,,
3306,Escalated,,
3307,Resolved,,
3308,Open,,
3309,Resolved,,
3310,Open,,
3311,Open,,
3312,Resolved,,
3313,Pending,,
3314,Resolved,,
3315,Escalated,,
3316,Pending,,
3317,Closed,,
3318,Closed,,
3319,Closed,,
3320,Escalated,,
3321,Escalated,,
3322,Open,,
3323,Escalated,,
3324,Open,,
3325,Closed,,
3326,Resolved,,
3327,Resolved,,
3328,Escalated,,
3329,Closed,,
3330,Closed,,
3331,Open,,
3332,Open,,
3333,Closed,,
3334,Escalated,,
3335,Escalated,,
3336,Closed,,
3337,Resolved,,
3338,Resolved,,
3339,Open,,
3340,Closed,,
3341,Resolved,,
3342,Escalated,,
3343,Pending,,
3344,Pending,,
3345,Closed,,
3346,Open,,
3347,Pending,,
3348,Escalated,,
3349,Escalated,,
3350,Escalated,,
3351,Pending,,
3352,Resolved,,
3353,Escalated,,
3354,Open,,
3355,Closed,,
3356,Closed,,
3357,Closed,,
3358,Resolved,,
3359,Closed,,
3360,Closed,,
3361,Pending,,
3362,Resolved,,
3363,Resolved,,
3364,Pending,,
3365,Open,,
3366,Closed,,
3367,Open,,
3368,Pending,,
3369,Pending,,
3370,Pending,,
3371,Pending,,
3372,Escalated,,
3373,Pending,,
3374,Open,,
3375,Pending,,
3376,Open,,
3377,Pending,,
3378,Pending,,
3379,Escalated,,
3380,Pending,,
3381,Closed,,
3382,Escalated,,
3383,Escalated,,
3384,Closed,,
3385,Escalated,,
3386,Pending,,
3387,Closed,,
3388,Pending,,
3389,Escalated,,
3390,Resolved,,
3391,Closed,,
3392,Open,,
3393,Escalated,,
3394,Resolved,,
3395,Escalated,,
3396,Pending,,
3397,Pending,,
3398,Pending,,
3399,Resolved,,
3400,Pending,,
3401,Escalated,,
3402,Escalated,,
3403,Escalated,,
3404,Closed,,
3405,Escalated,,
3406,Pending,,
3407,Closed,,
3408,Closed,,
3409,Closed,,
3410,Closed,,
3411,Resolved,,
3412,Escalated,,
3413,Resolved,,
3414,Open,,
3415,Resolved,,
3416,Closed,,
3417,Escalated,,
3418,Escalated,,
3419,Pending,,
3420,Resolved,,
3421,Escalated,,
3422,Open,,
3423,Open,,
3424,Resolved,,
3425,Pending,,
3426,Open,,
3427,Pending,,
3428,Resolved,,
3429,Escalated,,
3430,Pending,,
3431,Open,,
3432,Pending,,
3433,Escalated,,
3434,Escalated,,
3435,Open,,
3436,Pending,,
3437,Pending,,
3438,Closed,,
3439,Open,,
3440,Pending,,
3441,Resolved,,
3442,Closed,,
3443,Open,,
3444,Escalated,,
3445,Open,,
3446,Resolved,,
3447,Resolved,,
3448,Escalated,,
3449,Escalated,,
3450,Escalated,,
3451,Closed,,
3452,Resolved,,
3453,Escalated,,
3454,Resolved,,
3455,Closed,,
3456,Closed,,
3457,Resolved,,
3458,Escalated,,
3459,Open,,
3460,Pending,,
3461,Resolved,,
3462,Closed,,
3463,Escalated,,
3464,Pending,,
3465,Resolved,,
3466,Open,,
3467,Open,,
3468,Closed,,
3469,Closed,,
3470,Closed,,
3471,Resolved,,
3472,Open,,
3473,Open,,
3474,Closed,,
3475,Closed,,
3476,Escalated,,
3477,Open,,
3478,Closed,,
3479,Closed,,
3480,Closed,,
3481,Escalated,,
3482,Open,,
3483,Open,,
3484,Open,,
3485,Escalated,,
3486,Resolved,,
3487,Escalated,,
3488,Pending,,
3489,Escalated,,
3490,Pending,,
3491,Closed,,
3492,Pending,,
3493,Escalated,,
3494,Resolved,,
3495,Open,,
3496,Escalated,,
3497,Open,,
3498,Pending,,
3499,Closed,,
3500,Closed,,
3501,Escalated,,
3502,Pending,,
3503,Pending,,
3504,Open,,
3505,Pending,,
3506,Resolved,,
3507,Closed,,
3508,Resolved,,
3509,Resolved,,
3510,Open,,
3511,Pending,,
3512,Open,,
3513,Closed,,
3514,Open,,
3515,Resolved,,
3516,Open,,
3517,Pending,,
3518,Open,,
3519,Pending,,
3520,Resolved,,
3521,Pending,,
3522,Pending,,
3523,Pending,,
3524,Pending,,
3525,Closed,,
3526,Escalated,,
3527,Closed,,
3528,Open,,
3529,Closed,,
3530,Closed,,
3531,Pending,,
3532,Open,,
3533,Open,,
3534,Resolved,,
3535,Pending,,
3536,Closed,,
3537,Resolved,,
3538,Resolved,,
3539,Closed,,
3540,Open,,
3541,Pending,,
3542,Pending,,
3543,Closed,,
3544,Pending,,
3545,Escalated,,
3546,Resolved,,
3547,Resolved,,
3548,Escalated,,
3549,Pending,,
3550,Open,,
3551,Escalated,,
3552,Escalated,,
3553,Resolved,,
3554,Open,,
3555,Open,,
3556,Pending,,
3557,Open,,
3558,Pending,,
3559,Closed,,
3560,Escalated,,
3561,Escalated,,
3562,Pending,,
3563,Pending,,
3564,Pending,,
3565,Escalated,,
3566,Pending,,
3567,Escalated,,
3568,Escalated,,
3569,Resolved,,
3570,Resolved,,
3571,Closed,,
3572,Closed,,
3573,Open,,
3574,Pending,,
3575,Escalated,,
3576,Open,,
3577,Resolved,,
3578,Escalated,,
3579,Open,,
3580,Resolved,,
3581,Closed,,
3582,Pending,,
3583,Pending,,
3584,Open,,
3585,Resolved,,
3586,Open,,
3587,Resolved,,
3588,Resolved,,
3589,Pending,,
3590,Closed,,
3591,Closed,,
3592,Escalated,,
3593,Resolved,,
3594,Pending,,
3595,Resolved,,
3596,Escalated,,
3597,Pending,,
3598,Resolved,,
3599,Closed,,
3600,Closed,,
3601,Escalated,,
3602,Closed,,
3603,Resolved,,
3604,Escalated,,
3605,Open,,
3606,Escalated,,
3607,Closed,,
3608,Pending,,
3609,Escalated,,
3610,Resolved,,
3611,Escalated,,
3612,Closed,,
3613,Escalated,,
3614,Resolved,,
3615,Resolved,,
3616,Closed,,
3617,Resolved,,
3618,Closed,,
3619,Escalated,,
3620,Escalated,,
3621,Open,,
3622,Closed,,
3623,Pending,,
3624,Closed,,
3625,Escalated,,
3626,Escalated,,
3627,Resolved,,
3628,Open,,
3629,Pending,,
3630,Open,,
3631,Closed,,
3632,Closed,,
3633,Escalated,,
3634,Resolved,,
3635,Pending,,
3636,Resolved,,
3637,Pending,,
3638,Open,,
3639,Escalated,,
3640,Resolved,,
3641,Closed,,
3642,Escalated,,
3643,Pending,,
3644,Escalated,,
3645,Closed,,
3646,Closed,,
3647,Pending,,
3648,Escalated,,
3649,Resolved,,
3650,Escalated,,
3651,Closed,,
3652,Pending,,
3653,Open,,
3654,Open,,
3655,Escalated,,
3656,Closed,,
3657,Escalated,,
3658,Pending,,
3659,Resolved,,
3660,Open,,
3661,Escalated,,
3662,Closed,,
3663,Open,,
3664,Open,,
3665,Resolved,,
3666,Escalated,,
3667,Resolved,,
3668,Closed,,
3669,Closed,,
3670,Escalated,,
3671,Open,,
3672,Pending,,
3673,Resolved,,
3674,Open,,
3675,Closed,,
3676,Closed,,
3677,Open,,
3678,Open,,
3679,Closed,,
3680,Resolved,,
3681,Resolved,,
3682,Open,,
3683,Escalated,,
3684,Closed,,
3685,Pending,,
3686,Closed,,
3687,Resolved,,
3688,Resolved,,
3689,Pending,,
3690,Resolved,,
3691,Pending,,
3692,Resolved,,
3693,Pending,,
3694,Escalated,,
3695,Closed,,
3696,Resolved,,
3697,Open,,
3698,Pending,,
3699,Pending,,
3700,Pending,,
3701,Resolved,,
3702,Closed,,
3703,Open,,
3704,Pending,,
3705,Pending,,
3706,Pending,,
3707,Pending,,
3708,Open,,
3709,Pending,,
3710,Open,,
3711,Open,,
3712,Pending,,
3713,Escalated,,
3714,Open,,
3715,Escalated,,
3716,Open,,
3717,Resolved,,
3718,Pending,,
3719,Resolved,,
3720,Open,,
3721,Resolved,,
3722,Pending,,
3723,Pending,,
3724,Open,,
3725,Open,,
3726,Escalated,,
3727,Closed,,
3728,Resolved,,
3729,Escalated,,
3730,Resolved,,
3731,Pending,,
3732,Open,,
3733,Resolved,,
3734,Closed,,
3735,Pending,,
3736,Pending,,
3737,Escalated,,
3738,Closed,,
3739,Pending,,
3740,Closed,,
3741,Open,,
3742,Closed,,
3743,Escalated,,
3744,Escalated,,
3745,Resolved,,
3746,Open,,
3747,Open,,
3748,Closed,,
3749,Escalated,,
3750,Escalated,,
3751,Escalated,,
3752,Open,,
3753,Escalated,,
3754,Resolved,,
3755,Pending,,
3756,Escalated,,
3757,Resolved,,
3758,Resolved,,
3759,Pending,,
3760,Open,,
3761,Escalated,,
3762,Resolved,,
3763,Resolved,,
3764,Pending,,
3765,Resolved,,
3766,Escalated,,
3767,Open,,
3768,Resolved,,
3769,Open,,
3770,Resolved,,
3771,Resolved,,
3772,Escalated,,
3773,Open,,
3774,Closed,,
3775,Escalated,,
3776,Open,,
3777,Open,,
3778,Open,,
3779,Closed,,
3780,Escalated,,
3781,Closed,,
3782,Resolved,,
3783,Pending,,
3784,Closed,,
3785,Resolved,,
3786,Closed,,
3787,Open,,
3788,Pending,,
3789,Pending,,
3790,Resolved,,
3791,Closed,,
3792,Closed,,
3793,Closed,,
3794,Resolved,,
3795,Closed,,
3796,Pending,,
3797,Pending,,
3798,Escalated,,
3799,Closed,,
3800,Closed,,
3801,Pending,,
3802,Pending,,
3803,Open,,
3804,Open,,
3805,Escalated,,
3806,Pending,,
3807,Escalated,,
3808,Closed,,
3809,Closed,,
3810,Pending,,
3811,Resolved,,
3812,Escalated,,
3813,Resolved,,
3814,Closed,,
3815,Escalated,,
3816,Closed,,
3817,Open,,
3818,Pending,,
3819,Open,,
3820,Escalated,,
3821,Open,,
3822,Escalated,,
3823,Resolved,,
3824,Pending,,
3825,Resolved,,
3826,Closed,,
3827,Pending,,
3828,Open,,
3829,Escalated,,
3830,Pending,,
3831,Closed,,
3832,Resolved,,
3833,Closed,,
3834,Open,,
3835,Escalated,,
3836,Escalated,,
3837,Open,,
3838,Escalated,,
3839,Pending,,
3840,Pending,,
3841,Open,,
3842,Open,,
3843,Closed,,
3844,Escalated,,
3845,Resolved,,
3846,Open,,
3847,Closed,,
3848,Open,,
3849,Open,,
3850,Pending,,
3851,Escalated,,
3852,Open,,
3853,Escalated,,
3854,Closed,,
3855,Open,,
3856,Resolved,,
3857,Pending,,
3858,Resolved,,
3859,Pending,,
3860,Open,,
3861,Open,,
3862,Escalated,,
3863,Pending,,
3864,Closed,,
3865,Resolved,,
3866,Closed,,
3867,Pending,,
3868,Closed,,
3869,Pending,,
3870,Escalated,,
3871,Escalated,,
3872,Closed,,
3873,Closed,,
3874,Pending,,
3875,Escalated,,
3876,Closed,,
3877,Pending,,
3878,Pending,,
3879,Closed,,
3880,Resolved,,
3881,Open,,
3882,Pending,,
3883,Escalated,,
3884,Open,,
3885,Pending,,
3886,Resolved,,
3887,Open,,
3888,Escalated,,
3889,Open,,
3890,Closed,,
3891,Pending,,
3892,Closed,,
3893,Resolved,,
3894,Open,,
3895,Closed,,
3896,Resolved,,
3897,Closed,,
3898,Escalated,,
3899,Closed,,
3900,Pending,,
3901,Closed,,
3902,Closed,,
3903,Closed,,
3904,Closed,,
3905,Closed,,
3906,Open,,
3907,Open,,
3908,Escalated,,
3909,Open,,
3910,Resolved,,
3911,Pending,,
3912,Closed,,
3913,Closed,,
3914,Closed,,
3915,Escalated,,
3916,Escalated,,
3917,Resolved,,
3918,Closed,,
3919,Escalated,,
3920,Closed,,
3921,Open,,
3922,Closed,,
3923,Resolved,,
3924,Resolved,,
3925,Escalated,,
3926,Closed,,
3927,Resolved,,
3928,Open,,
3929,Escalated,,
3930,Open,,
3931,Resolved,,
3932,Escalated,,
3933,Closed,,
3934,Pending,,
3935,Closed,,
3936,Closed,,
3937,Open,,
3938,Closed,,
3939,Pending,,
3940,Escalated,,
3941,Escalated,,
3942,Pending,,
3943,Open,,
3944,Pending,,
3945,Escalated,,
3946,Pending,,
3947,Open,,
3948,Closed,,
3949,Closed,,
3950,Escalated,,
3951,Open,,
3952,Closed,,
3953,Closed,,
3954,Closed,,
3955,Resolved,,
3956,Closed,,
3957,Resolved,,
3958,Pending,,
3959,Escalated,,
3960,Escalated,,
3961,Resolved,,
3962,Open,,
3963,Resolved,,
3964,Closed,,
3965,Open,,
3966,Escalated,,
3967,Pending,,
3968,Pending,,
3969,Resolved,,
3970,Resolved,,
3971,Resolved,,
3972,Resolved,,
3973,Escalated,,
3974,Closed,,
3975,Escalated,,
3976,Pending,,
3977,Pending,,
3978,Pending,,
3979,Closed,,
3980,Closed,,
3981,Open,,
3982,Closed,,
3983,Pending,,
3984,Closed,,
3985,Closed,,
3986,Closed,,
3987,Resolved,,
3988,Closed,,
3989,Resolved,,
3990,Pending,,
3991,Open,,
3992,Escalated,,
3993,Open,,
3994,Escalated,,
3995,Pending,,
3996,Resolved,,
3997,Closed,,
3998,Resolved,,
3999,Escalated,,
4000,Closed,,
4001,Escalated,,
4002,Escalated,,
4003,Closed,,
4004,Open,,
4005,Open,,
4006,Escalated,,
4007,Pending,,
4008,Resolved,,
4009,Open,,
4010,Closed,,
4011,Escalated,,
4012,Resolved,,
4013,Resolved,,
4014,Escalated,,
4015,Resolved,,
4016,Pending,,
4017,Escalated,,
4018,Resolved,,
4019,Resolved,,
4020,Open,,
4021,Resolved,,
4022,Resolved,,
4023,Open,,
4024,Escalated,,
4025,Open,,
4026,Closed,,
4027,Closed,,
4028,Pending,,
4029,Resolved,,
4030,Closed,,
4031,Escalated,,
4032,Escalated,,
4033,Closed,,
4034,Open,,
4035,Pending,,
4036,Open,,
4037,Pending,,
4038,Closed,,
4039,Open,,
4040,Closed,,
4041,Pending,,
4042,Escalated,,
4043,Open,,
4044,Closed,,
4045,Pending,,
4046,Escalated,,
4047,Open,,
4048,Pending,,
4049,Open,,
4050,Open,,
4051,Resolved,,
4052,Closed,,
4053,Resolved,,
4054,Open,,
4055,Pending,,
4056,Closed,,
4057,Pending,,
4058,Pending,,
4059,Escalated,,
4060,Open,,
4061,Pending,,
4062,Open,,
4063,Resolved,,
4064,Resolved,,
4065,Pending,,
4066,Open,,
4067,Escalated,,
4068,Closed,,
4069,Resolved,,
4070,Resolved,,
4071,Escalated,,
4072,Pending,,
4073,Resolved,,
4074,Resolved,,
4075,Closed,,
4076,Escalated,,
4077,Escalated,,
4078,Open,,
4079,Escalated,,
4080,Closed,,
4081,Escalated,,
4082,Open,,
4083,Closed,,
4084,Resolved,,
4085,Pending,,
4086,Resolved,,
4087,Open,,
4088,Closed,,
4089,Resolved,,
4090,Open,,
4091,Resolved,,
4092,Pending,,
4093,Resolved,,
4094,Resolved,,
4095,Resolved,,
4096,Open,,
4097,Closed,,
4098,Escalated,,
4099,Open,,
4100,Escalated,,
4101,Escalated,,
4102,Resolved,,
4103,Pending,,
4104,Escalated,,
4105,Escalated,,
4106,Resolved,,
4107,Pending,,
4108,Resolved,,
4109,Escalated,,
4110,Open,,
4111,Escalated,,
4112,Open,,
4113,Closed,,
4114,Pending,,
4115,Closed,,
4116,Resolved,,
4117,Escalated,,
4118,Closed,,
4119,Pending,,
4120,Open,,
4121,Open,,
4122,Resolved,,
4123,Resolved,,
4124,Escalated,,
4125,Closed,,
4126,Escalated,,
4127,Open,,
4128,Open,,
4129,Closed,,
4130,Escalated,,
4131,Resolved,,
4132,Closed,,
4133,Resolved,,
4134,Closed,,
4135,Resolved,,
4136,Pending,,
4137,Open,,
4138,Closed,,
4139,Pending,,
4140,Closed,,
4141,Open,,
4142,Open,,
4143,Resolved,,
4144,Open,,
4145,Open,,
4146,Open,,
4147,Escalated,,
4148,Escalated,,
4149,Open,,
4150,Escalated,,
4151,Closed,,
4152,Pending,,
4153,Pending,,
4154,Escalated,,
4155,Pending,,
4156,Escalated,,
4157,Resolved,,
4158,Open,,
4159,Pending,,
4160,Open,,
4161,Pending,,
4162,Closed,,
4163,Closed,,
4164,Escalated,,
4165,Open,,
4166,Escalated,,
4167,Resolved,,
4168,Escalated,,
4169,Escalated,,
4170,Escalated,,
4171,Pending,,
4172,Pending,,
4173,Resolved,,
4174,Open,,
4175,Closed,,
4176,Open,,
4177,Closed,,
4178,Pending,,
4179,Escalated,,
4180,Resolved,,
4181,Resolved,,
4182,Resolved,,
4183,Open,,
4184,Pending,,
4185,Pending,,
4186,Escalated,,
4187,Open,,
4188,Escalated,,
4189,Closed,,
4190,Pending,,
4191,Resolved,,
4192,Escalated,,
4193,Closed,,
4194,Resolved,,
4195,Resolved,,
4196,Escalated,,
4197,Escalated,,
4198,Escalated,,
4199,Pending,,
4200,Open,,
4201,Escalated,,
4202,Pending,,
4203,Open,,
4204,Closed,,
4205,Open,,
4206,Pending,,
4207,Pending,,
4208,Open,,
4209,Open,,
4210,Pending,,
4211,Pending,,
4212,Closed,,
4213,Pending,,
4214,Pending,,
4215,Resolved,,
4216,Resolved,,
4217,Resolved,,
4218,Escalated,,
4219,Escalated,,
4220,Pending,,
4221,Resolved,,
4222,Closed,,
4223,Closed,,
4224,Closed,,
4225,Pending,,
4226,Resolved,,
4227,Pending,,
4228,Pending,,
4229,Closed,,
4230,Resolved,,
4231,Escalated,,
4232,Open,,
4233,Pending,,
4234,Resolved,,
4235,Open,,
4236,Open,,
4237,Escalated,,
4238,Escalated,,
4239,Pending,,
4240,Pending,,
4241,Resolved,,
4242,Escalated,,
4243,Escalated,,
4244,Resolved,,
4245,Escalated,,
4246,Closed,,
4247,Open,,
4248,Closed,,
4249,Open,,
4250,Resolved,,
4251,Resolved,,
4252,Open,,
4253,Open,,
4254,Open,,
4255,Open,,
4256,Pending,,
4257,Escalated,,
4258,Escalated,,
4259,Resolved,,
4260,Pending,,
4261,Open,,
4262,Pending,,
4263,Open,,
4264,Escalated,,
4265,Open,,
4266,Escalated,,
4267,Open,,
4268,Resolved,,
4269,Escalated,,
4270,Resolved,,
4271,Pending,,
4272,Open,,
4273,Pending,,
4274,Open,,
4275,Escalated,,
4276,Open,,
4277,Closed,,
4278,Closed,,
4279,Closed,,
4280,Resolved,,
4281,Closed,,
4282,Open,,
4283,Pending,,
4284,Resolved,,
4285,Escalated,,
4286,Resolved,,
4287,Pending,,
4288,Closed,,
4289,Pending,,
4290,Resolved,,
4291,Resolved,,
4292,Resolved,,
4293,Pending,,
4294,Open,,
4295,Open,,
4296,Closed,,
4297,Escalated,,
4298,Pending,,
4299,Open,,
4300,Closed,,
4301,Escalated,,
4302,Closed,,
4303,Closed,,
4304,Escalated,,
4305,Resolved,,
4306,Open,,
4307,Open,,
4308,Escalated,,
4309,Open,,
4310,Pending,,
4311,Pending,,
4312,Pending,,
4313,Escalated,,
4314,Closed,,
4315,Closed,,
4316,Resolved,,
4317,Resolved,,
4318,Pending,,
4319,Pending,,
4320,Escalated,,
4321,Pending,,
4322,Pending,,
4323,Pending,,
4324,Open,,
4325,Closed,,
4326,Open,,
4327,Pending,,
4328,Pending,,
4329,Open,,
4330,Open,,
4331,Escalated,,
4332,Escalated,,
4333,Pending,,
4334,Open,,
4335,Escalated,,
4336,Resolved,,
4337,Open,,
4338,Closed,,
4339,Resolved,,
4340,Resolved,,
4341,Open,,
4342,Pending,,
4343,Closed,,
4344,Escalated,,
4345,Escalated,,
4346,Pending,,
4347,Closed,,
4348,Closed,,
4349,Resolved,,
4350,Resolved,,
4351,Closed,,
4352,Open,,
4353,Open,,
4354,Open,,
4355,Closed,,
4356,Escalated,,
4357,Open,,
4358,Escalated,,
4359,Open,,
4360,Closed,,
4361,Open,,
4362,Escalated,,
4363,Pending,,
4364,Escalated,,
4365,Pending,,
4366,Escalated,,
4367,Open,,
4368,Open,,
4369,Escalated,,
4370,Open,,
4371,Open,,
4372,Closed,,
4373,Resolved,,
4374,Resolved,,
4375,Escalated,,
4376,Resolved,,
4377,Pending,,
4378,Escalated,,
4379,Escalated,,
4380,Pending,,
4381,Resolved,,
4382,Pending,,
4383,Open,,
4384,Escalated,,
4385,Closed,,
4386,Pending,,
4387,Escalated,,
4388,Escalated,,
4389,Pending,,
4390,Closed,,
4391,Escalated,,
4392,Open,,
4393,Open,,
4394,Open,,
4395,Closed,,
4396,Resolved,,
4397,Open,,
4398,Pending,,
4399,Resolved,,
4400,Pending,,
4401,Closed,,
4402,Open,,
4403,Escalated,,
4404,Open,,
4405,Closed,,
4406,Open,,
4407,Open,,
4408,Open,,
4409,Closed,,
4410,Open,,
4411,Escalated,,
4412,Escalated,,
4413,Resolved,,
4414,Resolved,,
4415,Resolved,,
4416,Resolved,,
4417,Escalated,,
4418,Resolved,,
4419,Pending,,
4420,Closed,,
4421,Closed,,
4422,Escalated,,
4423,Closed,,
4424,Closed,,
4425,Open,,
4426,Resolved,,
4427,Resolved,,
4428,Open,,
4429,Escalated,,
4430,Pending,,
4431,Escalated,,
4432,Pending,,
4433,Pending,,
4434,Open,,
4435,Escalated,,
4436,Resolved,,
4437,Escalated,,
4438,Escalated,,
4439,Pending,,
4440,Pending,,
4441,Resolved,,
4442,Resolved,,
4443,Pending,,
4444,Escalated,,
4445,Pending,,
4446,Closed,,
4447,Closed,,
4448,Pending,,
4449,Resolved,,
4450,Pending,,
4451,Escalated,,
4452,Closed,,
4453,Open,,
4454,Resolved,,
4455,Open,,
4456,Resolved,,
4457,Open,,
4458,Open,,
4459,Pending,,
4460,Resolved,,
4461,Closed,,
4462,Open,,
4463,Pending,,
4464,Escalated,,
4465,Resolved,,
4466,Resolved,,
4467,Closed,,
4468,Open,,
4469,Pending,,
4470,Open,,
4471,Pending,,
4472,Closed,,
4473,Open,,
4474,Escalated,,
4475,Closed,,
4476,Closed,,
4477,Resolved,,
4478,Pending,,
4479,Open,,
4480,Pending,,
4481,Closed,,
4482,Open,,
4483,Escalated,,
4484,Pending,,
4485,Pending,,
4486,Escalated,,
4487,Closed,,
4488,Pending,,
4489,Resolved,,
4490,Resolved,,
4491,Open,,
4492,Escalated,,
4493,Closed,,
4494,Resolved,,
4495,Open,,
4496,Open,,
4497,Pending,,
4498,Closed,,
4499,Resolved,,
4500,Escalated,,
4501,Pending,,
4502,Resolved,,
4503,Open,,
4504,Escalated,,
4505,Open,,
4506,Pending,,
4507,Escalated,,
4508,Escalated,,
4509,Pending,,
4510,Open,,
4511,Escalated,,
4512,Closed,,
4513,Closed,,
4514,Open,,
4515,Escalated,,
4516,Open,,
4517,Closed,,
4518,Escalated,,
4519,Escalated,,
4520,Open,,
4521,Escalated,,
4522,Open,,
4523,Resolved,,
4524,Resolved,,
4525,Closed,,
4526,Closed,,
4527,Pending,,
4528,Resolved,,
4529,Resolved,,
4530,Pending,,
4531,Open,,
4532,Resolved,,
4533,Resolved,,
4534,Closed,,
4535,Pending,,
4536,Pending,,
4537,Closed,,
4538,Resolved,,
4539,Escalated,,
4540,Pending,,
4541,Resolved,,
4542,Open,,
4543,Pending,,
4544,Closed,,
4545,Pending,,
4546,Closed,,
4547,Open,,
4548,Resolved,,
4549,Closed,,
4550,Closed,,
4551,Open,,
4552,Escalated,,
4553,Pending,,
4554,Escalated,,
4555,Pending,,
4556,Open,,
4557,Open,,
4558,Escalated,,
4559,Open,,
4560,Resolved,,
4561,Escalated,,
4562,Closed,,
4563,Closed,,
4564,Open,,
4565,Open,,
4566,Pending,,
4567,Escalated,,
4568,Escalated,,
4569,Resolved,,
4570,Closed,,
4571,Closed,,
4572,Resolved,,
4573,Pending,,
4574,Resolved,,
4575,Pending,,
4576,Pending,,
4577,Pending,,
4578,Open,,
4579,Open,,
4580,Pending,,
4581,Resolved,,
4582,Resolved,,
4583,Resolved,,
4584,Open,,
4585,Pending,,
4586,Closed,,
4587,Resolved,,
4588,Open,,
4589,Escalated,,
4590,Pending,,
4591,Resolved,,
4592,Open,,
4593,Escalated,,
4594,Pending,,
4595,Closed,,
4596,Pending,,
4597,Pending,,
4598,Resolved,,
4599,Pending,,
4600,Escalated,,
4601,Escalated,,
4602,Pending,,
4603,Pending,,
4604,Escalated,,
4605,Escalated,,
4606,Resolved,,
4607,Closed,,
4608,Escalated,,
4609,Closed,,
4610,Closed,,
4611,Escalated,,
4612,Resolved,,
4613,Pending,,
4614,Open,,
4615,Pending,,
4616,Open,,
4617,Escalated,,
4618,Pending,,
4619,Pending,,
4620,Open,,
4621,Resolved,,
4622,Escalated,,
4623,Escalated,,
4624,Escalated,,
4625,Pending,,
4626,Closed,,
4627,Open,,
4628,Pending,,
4629,Resolved,,
4630,Resolved,,
4631,Pending,,
4632,Open,,
4633,Escalated,,
4634,Escalated,,
4635,Closed,,
4636,Pending,,
4637,Closed,,
4638,Resolved,,
4639,Escalated,,
4640,Escalated,,
4641,Closed,,
4642,Pending,,
4643,Closed,,
4644,Resolved,,
4645,Pending,,
4646,Resolved,,
4647,Pending,,
4648,Closed,,
4649,Open,,
4650,Closed,,
4651,Pending,,
4652,Resolved,,
4653,Closed,,
4654,Pending,,
4655,Resolved,,
4656,Resolved,,
4657,Resolved,,
4658,Pending,,
4659,Resolved,,
4660,Resolved,,
4661,Closed,,
4662,Resolved,,
4663,Open,,
4664,Pending,,
4665,Resolved,,
4666,Resolved,,
4667,Escalated,,
4668,Closed,,
4669,Resolved,,
4670,Closed,,
4671,Closed,,
4672,Open,,
4673,Pending,,
4674,Open,,
4675,Pending,,
4676,Escalated,,
4677,Open,,
4678,Closed,,
4679,Resolved,,
4680,Escalated,,
4681,Pending,,
4682,Open,,
4683,Escalated,,
4684,Open,,
4685,Closed,,
4686,Open,,
4687,Pending,,
4688,Pending,,
4689,Resolved,,
4690,Resolved,,
4691,Pending,,
4692,Pending,,
4693,Pending,,
4694,Escalated,,
4695,Open,,
4696,Escalated,,
4697,Closed,,
4698,Resolved,,
4699,Open,,
4700,Resolved,,
4701,Closed,,
4702,Pending,,
4703,Resolved,,
4704,Pending,,
4705,Resolved,,
4706,Closed,,
4707,Resolved,,
4708,Closed,,
4709,Open,,
4710,Escalated,,
4711,Closed,,
4712,Resolved,,
4713,Open,,
4714,Closed,,
4715,Resolved,,
4716,Closed,,
4717,Closed,,
4718,Pending,,
4719,Resolved,,
4720,Escalated,,
4721,Closed,,
4722,Open,,
4723,Resolved,,
4724,Escalated,,
4725,Resolved,,
4726,Escalated,,
4727,Escalated,,
4728,Closed,,
4729,Pending,,
4730,Resolved,,
4731,Open,,
4732,Open,,
4733,Pending,,
4734,Open,,
4735,Resolved,,
4736,Open,,
4737,Resolved,,
4738,Escalated,,
4739,Closed,,
4740,Pending,,
4741,Pending,,
4742,Open,,
4743,Resolved,,
4744,Closed,,
4745,Open,,
4746,Closed,,
4747,Resolved,,
4748,Open,,
4749,Open,,
4750,Closed,,
4751,Open,,
4752,Closed,,
4753,Resolved,,
4754,Closed,,
4755,Resolved,,
4756,Resolved,,
4757,Escalated,,
4758,Closed,,
4759,Pending,,
4760,Escalated,,
4761,Escalated,,
4762,Closed,,
4763,Escalated,,
4764,Escalated,,
4765,Open,,
4766,Resolved,,
4767,Pending,,
4768,Closed,,
4769,Open,,
4770,Pending,,
4771,Pending,,
4772,Open,,
4773,Closed,,
4774,Resolved,,
4775,Open,,
4776,Escalated,,
4777,Pending,,
4778,Escalated,,
4779,Closed,,
4780,Resolved,,
4781,Resolved,,
4782,Resolved,,
4783,Escalated,,
4784,Closed,,
4785,Escalated,,
4786,Pending,,
4787,Resolved,,
4788,Closed,,
4789,Escalated,,
4790,Escalated,,
4791,Escalated,,
4792,Escalated,,
4793,Escalated,,
4794,Pending,,
4795,Resolved,,
4796,Escalated,,
4797,Pending,,
4798,Closed,,
4799,Closed,,
4800,Pending,,
4801,Pending,,
4802,Pending,,
4803,Closed,,
4804,Escalated,,
4805,Resolved,,
4806,Escalated,,
4807,Open,,
4808,Pending,,
4809,Escalated,,
4810,Resolved,,
4811,Escalated,,
4812,Open,,
4813,Open,,
4814,Escalated,,
4815,Resolved,,
4816,Escalated,,
4817,Pending,,
4818,Resolved,,
4819,Closed,,
4820,Resolved,,
4821,Escalated,,
4822,Escalated,,
4823,Closed,,
4824,Open,,
4825,Escalated,,
4826,Open,,
4827,Open,,
4828,Pending,,
4829,Open,,
4830,Resolved,,
4831,Open,,
4832,Pending,,
4833,Escalated,,
4834,Escalated,,
4835,Closed,,
4836,Open,,
4837,Resolved,,
4838,Closed,,
4839,Closed,,
4840,Pending,,
4841,Escalated,,
4842,Open,,
4843,Open,,
4844,Escalated,,
4845,Pending,,
4846,Pending,,
4847,Pending,,
4848,Resolved,,
4849,Open,,
4850,Pending,,
4851,Pending,,
4852,Escalated,,
4853,Closed,,
4854,Closed,,
4855,Closed,,
4856,Open,,
4857,Resolved,,
4858,Open,,
4859,Escalated,,
4860,Pending,,
4861,Open,,
4862,Closed,,
4863,Resolved,,
4864,Escalated,,
4865,Pending,,
4866,Resolved,,
4867,Open,,
4868,Open,,
4869,Resolved,,
4870,Resolved,,
4871,Pending,,
4872,Closed,,
4873,Resolved,,
4874,Pending,,
4875,Resolved,,
4876,Resolved,,
4877,Closed,,
4878,Pending,,
4879,Open,,
4880,Pending,,
4881,Pending,,
4882,Pending,,
4883,Closed,,
4884,Closed,,
4885,Escalated,,
4886,Open,,
4887,Closed,,
4888,Closed,,
4889,Pending,,
4890,Pending,,
4891,Resolved,,
4892,Resolved,,
4893,Resolved,,
4894,Closed,,
4895,Resolved,,
4896,Open,,
4897,Resolved,,
4898,Escalated,,
4899,Escalated,,
4900,Pending,,
4901,Closed,,
4902,Escalated,,
4903,Open,,
4904,Pending,,
4905,Escalated,,
4906,Resolved,,
4907,Escalated,,
4908,Escalated,,
4909,Pending,,
4910,Closed,,
4911,Resolved,,
4912,Resolved,,
4913,Resolved,,
4914,Resolved,,
4915,Closed,,
4916,Resolved,,
4917,Closed,,
4918,Pending,,
4919,Open,,
4920,Closed,,
4921,Resolved,,
4922,Pending,,
4923,Pending,,
4924,Escalated,,
4925,Escalated,,
4926,Open,,
4927,Open,,
4928,Escalated,,
4929,Escalated,,
4930,Pending,,
4931,Closed,,
4932,Escalated,,
4933,Resolved,,
4934,Closed,,
4935,Closed,,
4936,Resolved,,
4937,Resolved,,
4938,Resolved,,
4939,Pending,,
4940,Escalated,,
4941,Escalated,,
4942,Pending,,
4943,Closed,,
4944,Pending,,
4945,Escalated,,
4946,Open,,
4947,Pending,,
4948,Open,,
4949,Open,,
4950,Resolved,,
4951,Resolved,,
4952,Resolved,,
4953,Open,,
4954,Escalated,,
4955,Resolved,,
4956,Resolved,,
4957,Closed,,
4958,Open,,
4959,Open,,
4960,Resolved,,
4961,Closed,,
4962,Closed,,
4963,Pending,,
4964,Pending,,
4965,Resolved,,
4966,Open,,
4967,Closed,,
4968,Closed,,
4969,Closed,,
4970,Open,,
4971,Pending,,
4972,Resolved,,
4973,Pending,,
4974,Closed,,
4975,Closed,,
4976,Open,,
4977,Open,,
4978,Open,,
4979,Resolved,,
4980,Escalated,,
4981,Escalated,,
4982,Resolved,,
4983,Resolved,,
4984,Resolved,,
4985,Pending,,
4986,Resolved,,
4987,Pending,,
4988,Open,,
4989,Closed,,
4990,Escalated,,
4991,Closed,,
4992,Escalated,,
4993,Open,,
4994,Escalated,,
4995,Open,,
4996,Closed,,
4997,Pending,,
4998,Escalated,,
4999,Resolved,,
5000,Pending,,
5001,Pending,,
5002,Open,,
5003,Closed,,
5004,Resolved,,
5005,Closed,,
5006,Closed,,
5007,Pending,,
5008,Resolved,,
5009,Escalated,,
5010,Resolved,,
5011,Open,,
5012,Pending,,
5013,Resolved,,
5014,Open,,
5015,Escalated,,
5016,Closed,,
5017,Closed,,
5018,Open,,
5019,Pending,,
5020,Closed,,
5021,Pending,,
5022,Pending,,
5023,Closed,,
5024,Escalated,,
5025,Resolved,,
5026,Closed,,
5027,Resolved,,
5028,Pending,,
5029,Escalated,,
5030,Pending,,
5031,Escalated,,
5032,Open,,
5033,Escalated,,
5034,Escalated,,
5035,Pending,,
5036,Closed,,
5037,Closed,,
5038,Resolved,,
5039,Open,,
5040,Escalated,,
5041,Resolved,,
5042,Escalated,,
5043,Escalated,,
5044,Open,,
5045,Open,,
5046,Resolved,,
5047,Closed,,
5048,Escalated,,
5049,Pending,,
5050,Resolved,,
5051,Escalated,,
5052,Open,,
5053,Open,,
5054,Open,,
5055,Open,,
5056,Closed,,
5057,Closed,,
5058,Escalated,,
5059,Escalated,,
5060,Resolved,,
5061,Open,,
5062,Open,,
5063,Pending,,
5064,Pending,,
5065,Open,,
5066,Pending,,
5067,Pending,,
5068,Open,,
5069,Closed,,
5070,Closed,,
5071,Escalated,,
5072,Closed,,
5073,Open,,
5074,Pending,,
5075,Open,,
5076,Resolved,,
5077,Pending,,
5078,Open,,
5079,Escalated,,
5080,Escalated,,
5081,Pending,,
5082,Closed,,
5083,Escalated,,
5084,Resolved,,
5085,Pending,,
5086,Resolved,,
5087,Pending,,
5088,Closed,,
5089,Open,,
5090,Pending,,
5091,Open,,
5092,Pending,,
5093,Closed,,
5094,Resolved,,
5095,Open,,
5096,Resolved,,
5097,Pending,,
5098,Pending,,
5099,Closed,,
5100,Pending,,
5101,Closed,,
5102,Pending,,
5103,Resolved,,
5104,Pending,,
5105,Open,,
5106,Escalated,,
5107,Open,,
5108,Open,,
5109,Closed,,
5110,Pending,,
5111,Resolved,,
5112,Pending,,
5113,Escalated,,
5114,Pending,,
5115,Escalated,,
5116,Escalated,,
5117,Open,,
5118,Escalated,,
5119,Escalated,,
5120,Resolved,,
5121,Closed,,
5122,Pending,,
5123,Resolved,,
5124,Closed,,
5125,Open,,
5126,Resolved,,
5127,Resolved,,
5128,Open,,
5129,Escalated,,
5130,Open,,
5131,Pending,,
5132,Open,,
5133,Resolved,,
5134,Open,,
5135,Pending,,
5136,Escalated,,
5137,Escalated,,
5138,Closed,,
5139,Closed,,
5140,Pending,,
5141,Closed,,
5142,Escalated,,
5143,Escalated,,
5144,Closed,,
5145,Open,,
5146,Escalated,,
5147,Closed,,
5148,Closed,,
5149,Pending,,
5150,Pending,,
5151,Escalated,,
5152,Resolved,,
5153,Closed,,
5154,Open,,
5155,Resolved,,
5156,Closed,,
5157,Resolved,,
5158,Closed,,
5159,Closed,,
5160,Resolved,,
5161,Pending,,
5162,Closed,,
5163,Escalated,,
5164,Resolved,,
5165,Pending,,
5166,Open,,
5167,Closed,,
5168,Closed,,
5169,Escalated,,
5170,Pending,,
5171,Closed,,
5172,Pending,,
5173,Closed,,
5174,Open,,
5175,Escalated,,
5176,Open,,
5177,Open,,
5178,Resolved,,
5179,Open,,
5180,Escalated,,
5181,Escalated,,
5182,Closed,,
5183,Open,,
5184,Pending,,
5185,Resolved,,
5186,Resolved,,
5187,Resolved,,
5188,Escalated,,
5189,Escalated,,
5190,Closed,,
5191,Open,,
5192,Escalated,,
5193,Resolved,,
5194,Escalated,,
5195,Open,,
5196,Escalated,,
5197,Open,,
5198,Closed,,
5199,Escalated,,
5200,Open,,
5201,Open,,
5202,Pending,,
5203,Closed,,
5204,Escalated,,
5205,Pending,,
5206,Escalated,,
5207,Resolved,,
5208,Resolved,,
5209,Open,,
5210,Pending,,
5211,Open,,
5212,Open,,
5213,Open,,
5214,Resolved,,
5215,Open,,
5216,Open,,
5217,Open,,
5218,Open,,
5219,Pending,,
5220,Escalated,,
5221,Pending,,
5222,Closed,,
5223,Pending,,
5224,Closed,,
5225,Resolved,,
5226,Escalated,,
5227,Open,,
5228,Closed,,
5229,Resolved,,
5230,Escalated,,
5231,Closed,,
5232,Resolved,,
5233,Open,,
5234,Resolved,,
5235,Resolved,,
5236,Open,,
5237,Closed,,
5238,Resolved,,
5239,Open,,
5240,Closed,,
5241,Open,,
5242,Pending,,
5243,Closed,,
5244,Pending,,
5245,Resolved,,
5246,Resolved,,
5247,Resolved,,
5248,Closed,,
5249,Escalated,,
5250,Closed,,
5251,Closed,,
5252,Escalated,,
5253,Closed,,
5254,Pending,,
5255,Escalated,,
5256,Escalated,,
5257,Pending,,
5258,Escalated,,
5259,Escalated,,
5260,Pending,,
5261,Open,,
5262,Open,,
5263,Open,,
5264,Pending,,
5265,Resolved,,
5266,Closed,,
5267,Escalated,,
5268,Pending,,
5269,Closed,,
5270,Pending,,
5271,Escalated,,
5272,Resolved,,
5273,Pending,,
5274,Closed,,
5275,Closed,,
5276,Escalated,,
5277,Open,,
5278,Escalated,,
5279,Escalated,,
5280,Open,,
5281,Resolved,,
5282,Pending,,
5283,Closed,,
5284,Pending,,
5285,Pending,,
5286,Closed,,
5287,Open,,
5288,Closed,,
5289,Open,,
5290,Open,,
5291,Escalated,,
5292,Resolved,,
5293,Escalated,,
5294,Resolved,,
5295,Open,,
5296,Escalated,,
5297,Pending,,
5298,Closed,,
5299,Closed,,
5300,Closed,,
5301,Resolved,,
5302,Closed,,
5303,Resolved,,
5304,Resolved,,
5305,Resolved,,
5306,Pending,,
5307,Open,,
5308,Pending,,
5309,Open,,
5310,Pending,,
5311,Resolved,,
5312,Open,,
5313,Closed,,
5314,Pending,,
5315,Open,,
5316,Closed,,
5317,Escalated,,
5318,Resolved,,
5319,Pending,,
5320,Pending,,
5321,Escalated,,
5322,Open,,
5323,Pending,,
5324,Pending,,
5325,Pending,,
5326,Pending,,
5327,Escalated,,
5328,Resolved,,
5329,Pending,,
5330,Escalated,,
5331,Closed,,
5332,Pending,,
5333,Open,,
5334,Escalated,,
5335,Open,,
5336,Resolved,,
5337,Closed,,
5338,Open,,
5339,Pending,,
5340,Escalated,,
5341,Closed,,
5342,Escalated,,
5343,Closed,,
5344,Open,,
5345,Resolved,,
5346,Escalated,,
5347,Pending,,
5348,Escalated,,
5349,Resolved,,
5350,Open,,
5351,Pending,,
5352,Pending,,
5353,Open,,
5354,Escalated,,
5355,Pending,,
5356,Escalated,,
5357,Escalated,,
5358,Open,,
5359,Resolved,,
5360,Resolved,,
5361,Escalated,,
5362,Open,,
5363,Resolved,,
5364,Escalated,,
5365,Pending,,
5366,Pending,,
5367,Closed,,
5368,Closed,,
5369,Closed,,
5370,Resolved,,
5371,Pending,,
5372,Pending,,
5373,Resolved,,
5374,Pending,,
5375,Pending,,
5376,Escalated,,
5377,Pending,,
5378,Escalated,,
5379,Closed,,
5380,Open,,
5381,Escalated,,
5382,Pending,,
5383,Closed,,
5384,Open,,
5385,Open,,
5386,Closed,,
5387,Closed,,
5388,Open,,
5389,Open,,
5390,Pending,,
5391,Escalated,,
5392,Escalated,,
5393,Open,,
5394,Open,,
5395,Resolved,,
5396,Open,,
5397,Escalated,,
5398,Pending,,
5399,Resolved,,
5400,Escalated,,
5401,Pending,,
5402,Resolved,,
5403,Resolved,,
5404,Resolved,,
5405,Resolved,,
5406,Resolved,,
5407,Resolved,,
5408,Closed,,
5409,Pending,,
5410,Escalated,,
5411,Open,,
5412,Escalated,,
5413,Closed,,
5414,Closed,,
5415,Resolved,,
5416,Closed,,
5417,Escalated,,
5418,Closed,,
5419,Escalated,,
5420,Resolved,,
5421,Resolved,,
5422,Closed,,
5423,Open,,
5424,Resolved,,
5425,Pending,,
5426,Pending,,
5427,Resolved,,
5428,Closed,,
5429,Resolved,,
5430,Closed,,
5431,Escalated,,
5432,Open,,
5433,Open,,
5434,Escalated,,
5435,Escalated,,
5436,Escalated,,
5437,Open,,
5438,Resolved,,
5439,Pending,,
5440,Closed,,
5441,Pending,,
5442,Closed,,
5443,Open,,
5444,Resolved,,
5445,Pending,,
5446,Escalated,,
5447,Escalated,,
5448,Escalated,,
5449,Pending,,
5450,Resolved,,
5451,Resolved,,
5452,Escalated,,
5453,Pending,,
5454,Escalated,,
5455,Closed,,
5456,Closed,,
5457,Pending,,
5458,Closed,,
5459,Open,,
5460,Open,,
5461,Open,,
5462,Closed,,
5463,Resolved,,
5464,Open,,
5465,Escalated,,
5466,Resolved,,
5467,Pending,,
5468,Closed,,
5469,Escalated,,
5470,Pending,,
5471,Closed,,
5472,Closed,,
5473,Escalated,,
5474,Closed,,
5475,Closed,,
5476,Closed,,
5477,Resolved,,
5478,Open,,
5479,Escalated,,
5480,Resolved,,
5481,Escalated,,
5482,Resolved,,
5483,Closed,,
5484,Closed,,
5485,Resolved,,
5486,Closed,,
5487,Open,,
5488,Escalated,,
5489,Closed,,
5490,Pending,,
5491,Resolved,,
5492,Resolved,,
5493,Closed,,
5494,Resolved,,
5495,Pending,,
5496,Resolved,,
5497,Pending,,
5498,Resolved,,
5499,Resolved,,
5500,Pending,,
5501,Escalated,,
5502,Open,,
5503,Pending,,
5504,Open,,
5505,Resolved,,
5506,Escalated,,
5507,Pending,,
5508,Escalated,,
5509,Pending,,
5510,Closed,,
5511,Pending,,
5512,Open,,
5513,Closed,,
5514,Resolved,,
5515,Pending,,
5516,Open,,
5517,Resolved,,
5518,Open,,
5519,Resolved,,
5520,Pending,,
5521,Escalated,,
5522,Resolved,,
5523,Escalated,,
5524,Resolved,,
5525,Escalated,,
5526,Pending,,
5527,Open,,
5528,Pending,,
5529,Resolved,,
5530,Closed,,
5531,Open,,
5532,Escalated,,
5533,Open,,
5534,Open,,
5535,Pending,,
5536,Resolved,,
5537,Pending,,
5538,Resolved,,
5539,Closed,,
5540,Pending,,
5541,Closed,,
5542,Resolved,,
5543,Open,,
5544,Closed,,
5545,Closed,,
5546,Resolved,,
5547,Resolved,,
5548,Pending,,
5549,Pending,,
5550,Resolved,,
5551,Closed,,
5552,Escalated,,
5553,Pending,,
5554,Resolved,,
5555,Escalated,,
5556,Escalated,,
5557,Escalated,,
5558,Escalated,,
5559,Open,,
5560,Pending,,
5561,Escalated,,
5562,Escalated,,
5563,Resolved,,
5564,Resolved,,
5565,Open,,
5566,Escalated,,
5567,Open,,
5568,Resolved,,
5569,Pending,,
5570,Closed,,
5571,Closed,,
5572,Open,,
5573,Resolved,,
5574,Closed,,
5575,Escalated,,
5576,Pending,,
5577,Resolved,,
5578,Open,,
5579,Resolved,,
5580,Pending,,
5581,Resolved,,
5582,Open,,
5583,Escalated,,
5584,Resolved,,
5585,Open,,
5586,Escalated,,
5587,Closed,,
5588,Resolved,,
5589,Escalated,,
5590,Closed,,
5591,Resolved,,
5592,Resolved,,
5593,Pending,,
5594,Resolved,,
5595,Resolved,,
5596,Escalated,,
5597,Open,,
5598,Pending,,
5599,Resolved,,
5600,Escalated,,
5601,Escalated,,
5602,Open,,
5603,Closed,,
5604,Resolved,,
5605,Closed,,
5606,Open,,
5607,Escalated,,
5608,Closed,,
5609,Open,,
5610,Closed,,
5611,Escalated,,
5612,Resolved,,
5613,Pending,,
5614,Escalated,,
5615,Closed,,
5616,Resolved,,
5617,Pending,,
5618,Open,,
5619,Resolved,,
5620,Escalated,,
5621,Closed,,
5622,Pending,,
5623,Resolved,,
5624,Pending,,
5625,Pending,,
5626,Resolved,,
5627,Closed,,
5628,Open,,
5629,Resolved,,
5630,Open,,
5631,Pending,,
5632,Pending,,
5633,Closed,,
5634,Resolved,,
5635,Resolved,,
5636,Escalated,,
5637,Closed,,
5638,Resolved,,
5639,Pending,,
5640,Closed,,
5641,Escalated,,
5642,Escalated,,
5643,Pending,,
5644,Resolved,,
5645,Pending,,
5646,Escalated,,
5647,Closed,,
5648,Resolved,,
5649,Pending,,
5650,Resolved,,
5651,Closed,,
5652,Escalated,,
5653,Pending,,
5654,Escalated,,
5655,Pending,,
5656,Resolved,,
5657,Open,,
5658,Pending,,
5659,Pending,,
5660,Escalated,,
5661,Open,,
5662,Open,,
5663,Open,,
5664,Open,,
5665,Closed,,
5666,Resolved,,
5667,Pending,,
5668,Resolved,,
5669,Resolved,,
5670,Resolved,,
5671,Resolved,,
5672,Closed,,
5673,Escalated,,
5674,Closed,,
5675,Pending,,
5676,Open,,
5677,Escalated,,
5678,Pending,,
5679,Open,,
5680,Closed,,
5681,Resolved,,
5682,Pending,,
5683,Resolved,,
5684,Resolved,,
5685,Resolved,,
5686,Escalated,,
5687,Open,,
5688,Resolved,,
5689,Pending,,
5690,Escalated,,
5691,Open,,
5692,Pending,,
5693,Escalated,,
5694,Escalated,,
5695,Open,,
5696,Resolved,,
5697,Pending,,
5698,Closed,,
5699,Resolved,,
5700,Closed,,
5701,Pending,,
5702,Closed,,
5703,Closed,,
5704,Open,,
5705,Open,,
5706,Open,,
5707,Closed,,
5708,Closed,,
5709,Escalated,,
5710,Escalated,,
5711,Open,,
5712,Escalated,,
5713,Resolved,,
5714,Escalated,,
5715,Escalated,,
5716,Resolved,,
5717,Resolved,,
5718,Pending,,
5719,Closed,,
5720,Closed,,
5721,Open,,
5722,Pending,,
5723,Pending,,
5724,Pending,,
5725,Pending,,
5726,Escalated,,
5727,Pending,,
5728,Open,,
5729,Closed,,
5730,Pending,,
5731,Closed,,
5732,Resolved,,
5733,Open,,
5734,Resolved,,
5735,Pending,,
5736,Escalated,,
5737,Escalated,,
5738,Open,,
5739,Pending,,
5740,Pending,,
5741,Pending,,
5742,Pending,,
5743,Open,,
5744,Open,,
5745,Open,,
5746,Escalated,,
5747,Pending,,
5748,Resolved,,
5749,Closed,,
5750,Open,,
5751,Open,,
5752,Escalated,,
5753,Escalated,,
5754,Closed,,
5755,Escalated,,
5756,Open,,
5757,Pending,,
5758,Pending,,
5759,Escalated,,
5760,Closed,,
5761,Pending,,
5762,Open,,
5763,Pending,,
5764,Closed,,
5765,Escalated,,
5766,Resolved,,
5767,Pending,,
5768,Open,,
5769,Closed,,
5770,Pending,,
5771,Resolved,,
5772,Escalated,,
5773,Pending,,
5774,Closed,,
5775,Pending,,
5776,Escalated,,
5777,Closed,,
5778,Resolved,,
5779,Open,,
5780,Escalated,,
5781,Pending,,
5782,Resolved,,
5783,Closed,,
5784,Closed,,
5785,Closed,,
5786,Pending,,
5787,Escalated,,
5788,Resolved,,
5789,Closed,,
5790,Open,,
5791,Escalated,,
5792,Resolved,,
5793,Resolved,,
5794,Closed,,
5795,Open,,
5796,Closed,,
5797,Escalated,,
5798,Pending,,
5799,Escalated,,
5800,Open,,
5801,Pending,,
5802,Resolved,,
5803,Closed,,
5804,Escalated,,
5805,Closed,,
5806,Escalated,,
5807,Closed,,
5808,Pending,,
5809,Closed,,
5810,Open,,
5811,Open,,
5812,Closed,,
5813,Resolved,,
5814,Open,,
5815,Escalated,,
5816,Closed,,
5817,Closed,,
5818,Open,,
5819,Resolved,,
5820,Escalated,,
5821,Open,,
5822,Open,,
5823,Pending,,
5824,Open,,
5825,Escalated,,
5826,Pending,,
5827,Resolved,,
5828,Resolved,,
5829,Open,,
5830,Escalated,,
5831,Resolved,,
5832,Escalated,,
5833,Escalated,,
5834,Pending,,
5835,Open,,
5836,Escalated,,
5837,Escalated,,
5838,Escalated,,
5839,Open,,
5840,Pending,,
5841,Escalated,,
5842,Closed,,
5843,Pending,,
5844,Open,,
5845,Resolved,,
5846,Escalated,,
5847,Closed,,
5848,Resolved,,
5849,Resolved,,
5850,Escalated,,
5851,Escalated,,
5852,Resolved,,
5853,Closed,,
5854,Pending,,
5855,Escalated,,
5856,Escalated,,
5857,Open,,
5858,Escalated,,
5859,Open,,
5860,Resolved,,
5861,Closed,,
5862,Open,,
5863,Open,,
5864,Pending,,
5865,Resolved,,
5866,Open,,
5867,Open,,
5868,Resolved,,
5869,Escalated,,
5870,Closed,,
5871,Resolved,,
5872,Pending,,
5873,Pending,,
5874,Closed,,
5875,Pending,,
5876,Resolved,,
5877,Escalated,,
5878,Pending,,
5879,Resolved,,
5880,Pending,,
5881,Open,,
5882,Open,,
5883,Escalated,,
5884,Open,,
5885,Open,,
5886,Pending,,
5887,Pending,,
5888,Closed,,
5889,Escalated,,
5890,Open,,
5891,Closed,,
5892,Pending,,
5893,Closed,,
5894,Open,,
5895,Closed,,
5896,Resolved,,
5897,Escalated,,
5898,Open,,
5899,Resolved,,
5900,Closed,,
5901,Open,,
5902,Closed,,
5903,Escalated,,
5904,Escalated,,
5905,Pending,,
5906,Resolved,,
5907,Escalated,,
5908,Resolved,,
5909,Closed,,
5910,Resolved,,
5911,Open,,
5912,Pending,,
5913,Resolved,,
5914,Resolved,,
5915,Escalated,,
5916,Open,,
5917,Escalated,,
5918,Resolved,,
5919,Closed,,
5920,Escalated,,
5921,Escalated,,
5922,Open,,
5923,Escalated,,
5924,Escalated,,
5925,Pending,,
5926,Resolved,,
5927,Open,,
5928,Escalated,,
5929,Resolved,,
5930,Open,,
5931,Escalated,,
5932,Closed,,
5933,Pending,,
5934,Open,,
5935,Closed,,
5936,Open,,
5937,Open,,
5938,Pending,,
5939,Closed,,
5940,Escalated,,
5941,Resolved,,
5942,Closed,,
5943,Open,,
5944,Closed,,
5945,Resolved,,
5946,Closed,,
5947,Resolved,,
5948,Pending,,
5949,Open,,
5950,Escalated,,
5951,Closed,,
5952,Pending,,
5953,Closed,,
5954,Pending,,
5955,Resolved,,
5956,Pending,,
5957,Resolved,,
5958,Pending,,
5959,Closed,,
5960,Escalated,,
5961,Open,,
5962,Escalated,,
5963,Pending,,
5964,Resolved,,
5965,Closed,,
5966,Open,,
5967,Open,,
5968,Closed,,
5969,Pending,,
5970,Open,,
5971,Closed,,
5972,Pending,,
5973,Closed,,
5974,Open,,
5975,Escalated,,
5976,Open,,
5977,Open,,
5978,Escalated,,
5979,Pending,,
5980,Closed,,
5981,Pending,,
5982,Pending,,
5983,Closed,,
5984,Pending,,
5985,Resolved,,
5986,Open,,
5987,Resolved,,
5988,Closed,,
5989,Escalated,,
5990,Escalated,,
5991,Closed,,
5992,Closed,,
5993,Pending,,
5994,Open,,
5995,Resolved,,
5996,Closed,,
5997,Escalated,,
5998,Open,,
5999,Open,,
6000,Pending,,
